alerts_for_50pct_recall,base_rate,brier,cutoff,fpr_at_50,hulls_without_imo,label_set,model,n,n_positive,not_scored,pr_auc,precision_at_100,precision_at_25,precision_at_50,recall_at_100,recall_at_25,recall_at_50,stratum
1396,0.046750285062713795,,2024-08-31,0.018740031897926633,643,union,B0_random,2631,123,False,0.050436601413873766,0.04,0.04,0.06,0.032520325203252036,0.008130081300813009,0.024390243902439025,all
354,0.17126269956458637,,2024-08-31,0.07355516637478109,643,union,B0_random,689,118,False,0.18110580801016873,0.21,0.16,0.16,0.17796610169491525,0.03389830508474576,0.06779661016949153,b1
1396,0.046750285062713795,,2024-08-31,0.018740031897926633,643,union,B0_random,2631,123,False,0.050436601413873766,0.04,0.04,0.06,0.032520325203252036,0.008130081300813009,0.024390243902439025,first_seen
273,0.046750285062713795,,2024-08-31,0.017543859649122806,643,union,B1_russia_port,2631,123,False,0.16620121930028262,0.17,0.12,0.12,0.13821138211382114,0.024390243902439025,0.04878048780487805,all
260,0.17126269956458637,,2024-08-31,0.07705779334500876,643,union,B1_russia_port,689,118,False,0.17126269956458637,0.17,0.12,0.12,0.1440677966101695,0.025423728813559324,0.05084745762711865,b1
273,0.046750285062713795,,2024-08-31,0.017543859649122806,643,union,B1_russia_port,2631,123,False,0.16620121930028262,0.17,0.12,0.12,0.13821138211382114,0.024390243902439025,0.04878048780487805,first_seen
328,0.046750285062713795,,2024-08-31,0.015151515151515152,643,union,B2_weighted,2631,123,False,0.17398413052201772,0.15,0.24,0.24,0.12195121951219512,0.04878048780487805,0.0975609756097561,all
291,0.17126269956458637,,2024-08-31,0.06654991243432574,643,union,B2_weighted,689,118,False,0.1809755912328736,0.15,0.24,0.24,0.1271186440677966,0.05084745762711865,0.1016949152542373,b1
328,0.046750285062713795,,2024-08-31,0.015151515151515152,643,union,B2_weighted,2631,123,False,0.17398413052201772,0.15,0.24,0.24,0.12195121951219512,0.04878048780487805,0.0975609756097561,first_seen
671,0.046750285062713795,,2024-08-31,0.018341307814992026,643,union,ISO_forest,2631,123,False,0.08799595997094978,0.04,0.12,0.08,0.032520325203252036,0.024390243902439025,0.032520325203252036,all
250,0.17126269956458637,,2024-08-31,0.06830122591943957,643,union,ISO_forest,689,118,False,0.22310375554526837,0.23,0.16,0.22,0.19491525423728814,0.03389830508474576,0.09322033898305085,b1
671,0.046750285062713795,,2024-08-31,0.018341307814992026,643,union,ISO_forest,2631,123,False,0.08799595997094978,0.04,0.12,0.08,0.032520325203252036,0.024390243902439025,0.032520325203252036,first_seen
,,,2024-08-31,,643,union,B3_logistic,,,True,,,,,,,,all
,,,2024-08-31,,643,union,LGBM,,,True,,,,,,,,all
1226,0.02356518434055492,,2024-08-31,0.01946282600233554,643,ofac_only,B0_random,2631,62,False,0.026288245459085428,0.0,0.0,0.0,0.0,0.0,0.0,all
352,0.0841799709724238,,2024-08-31,0.07606973058637084,643,ofac_only,B0_random,689,58,False,0.08777933645501375,0.1,0.0,0.04,0.1724137931034483,0.0,0.034482758620689655,b1
1226,0.02356518434055492,,2024-08-31,0.01946282600233554,643,ofac_only,B0_random,2631,62,False,0.026288245459085428,0.0,0.0,0.0,0.0,0.0,0.0,first_seen
349,0.02356518434055492,,2024-08-31,0.017905799922148698,643,ofac_only,B1_russia_port,2631,62,False,0.08026933957681935,0.07,0.08,0.08,0.11290322580645161,0.03225806451612903,0.06451612903225806,all
314,0.0841799709724238,,2024-08-31,0.07290015847860538,643,ofac_only,B1_russia_port,689,58,False,0.0841799709724238,0.07,0.08,0.08,0.1206896551724138,0.034482758620689655,0.06896551724137931,b1
349,0.02356518434055492,,2024-08-31,0.017905799922148698,643,ofac_only,B1_russia_port,2631,62,False,0.08026933957681935,0.07,0.08,0.08,0.11290322580645161,0.03225806451612903,0.06451612903225806,first_seen
331,0.02356518434055492,,2024-08-31,0.017127286882055275,643,ofac_only,B2_weighted,2631,62,False,0.08504691987935731,0.08,0.12,0.12,0.12903225806451613,0.04838709677419355,0.0967741935483871,all
328,0.0841799709724238,,2024-08-31,0.06973058637083994,643,ofac_only,B2_weighted,689,58,False,0.08976836032112974,0.08,0.12,0.12,0.13793103448275862,0.05172413793103448,0.10344827586206896,b1
331,0.02356518434055492,,2024-08-31,0.017127286882055275,643,ofac_only,B2_weighted,2631,62,False,0.08504691987935731,0.08,0.12,0.12,0.12903225806451613,0.04838709677419355,0.0967741935483871,first_seen
531,0.02356518434055492,,2024-08-31,0.018684312962242117,643,ofac_only,ISO_forest,2631,62,False,0.05624375609896479,0.02,0.08,0.04,0.03225806451612903,0.03225806451612903,0.03225806451612903,all
185,0.0841799709724238,,2024-08-31,0.07290015847860538,643,ofac_only,ISO_forest,689,58,False,0.13890518089500387,0.13,0.08,0.08,0.22413793103448276,0.034482758620689655,0.06896551724137931,b1
531,0.02356518434055492,,2024-08-31,0.018684312962242117,643,ofac_only,ISO_forest,2631,62,False,0.05624375609896479,0.02,0.08,0.04,0.03225806451612903,0.03225806451612903,0.03225806451612903,first_seen
,,,2024-08-31,,643,ofac_only,B3_logistic,,,True,,,,,,,,all
,,,2024-08-31,,643,ofac_only,LGBM,,,True,,,,,,,,all
1325,0.044518027961736574,,2024-09-30,0.01809780515979977,615,union,B0_random,2718,121,False,0.04735317592651013,0.06,0.0,0.06,0.049586776859504134,0.0,0.024793388429752067,all
339,0.17101449275362318,,2024-09-30,0.06468531468531469,615,union,B0_random,690,118,False,0.1808633725294972,0.17,0.2,0.26,0.1440677966101695,0.0423728813559322,0.11016949152542373,b1
223,0.018518518518518517,,2024-09-30,0.1347708894878706,615,union,B0_random,378,7,False,0.017026270646647308,0.01,0.0,0.0,0.14285714285714285,0.0,0.0,first_seen
268,0.044518027961736574,,2024-09-30,0.01771274547554871,615,union,B1_russia_port,2718,121,False,0.16787821676704748,0.17,0.08,0.08,0.14049586776859505,0.01652892561983471,0.03305785123966942,all
262,0.17101449275362318,,2024-09-30,0.08041958041958042,615,union,B1_russia_port,690,118,False,0.17101449275362318,0.17,0.08,0.08,0.1440677966101695,0.01694915254237288,0.03389830508474576,b1
21,0.018518518518518517,,2024-09-30,0.11590296495956873,615,union,B1_russia_port,378,7,False,0.14285714285714285,0.07,0.2,0.14,1.0,0.7142857142857143,1.0,first_seen
289,0.044518027961736574,,2024-09-30,0.015787447054293417,615,union,B2_weighted,2718,121,False,0.17336146228222055,0.14,0.24,0.18,0.11570247933884298,0.049586776859504134,0.0743801652892562,all
287,0.17101449275362318,,2024-09-30,0.07167832167832168,615,union,B2_weighted,690,118,False,0.17913009487340317,0.14,0.24,0.18,0.11864406779661017,0.05084745762711865,0.07627118644067797,b1
21,0.018518518518518517,,2024-09-30,0.11590296495956873,615,union,B2_weighted,378,7,False,0.1595238095238095,0.07,0.2,0.14,1.0,0.7142857142857143,1.0,first_seen
762,0.044518027961736574,,2024-09-30,0.01771274547554871,615,union,ISO_forest,2718,121,False,0.08173411474096647,0.04,0.12,0.08,0.03305785123966942,0.024793388429752067,0.03305785123966942,all
280,0.17101449275362318,,2024-09-30,0.06993006993006994,615,union,ISO_forest,690,118,False,0.20248996156099366,0.19,0.16,0.2,0.16101694915254236,0.03389830508474576,0.0847457627118644,b1
50,0.018518518518518517,,2024-09-30,0.12398921832884097,615,union,ISO_forest,378,7,False,0.08769769330712975,0.05,0.08,0.08,0.7142857142857143,0.2857142857142857,0.5714285714285714,first_seen
,,,2024-09-30,,615,union,B3_logistic,,,True,,,,,,,,all
,,,2024-09-30,,615,union,LGBM,,,True,,,,,,,,all
1325,0.022442972774098603,,2024-09-30,0.018441851712457658,615,ofac_only,B0_random,2718,61,False,0.02293837420666133,0.02,0.0,0.02,0.03278688524590164,0.0,0.01639344262295082,all
339,0.08405797101449275,,2024-09-30,0.07120253164556962,615,ofac_only,B0_random,690,58,False,0.08668801380697615,0.08,0.08,0.1,0.13793103448275862,0.034482758620689655,0.08620689655172414,b1
223,0.010582010582010581,,2024-09-30,0.13368983957219252,615,ofac_only,B0_random,378,4,False,0.009100315553811737,0.0,0.0,0.0,0.0,0.0,0.0,first_seen
391,0.022442972774098603,,2024-09-30,0.018065487391795258,615,ofac_only,B1_russia_port,2718,61,False,0.0810277251993914,0.06,0.04,0.04,0.09836065573770492,0.01639344262295082,0.03278688524590164,all
356,0.08405797101449275,,2024-09-30,0.0759493670886076,615,ofac_only,B1_russia_port,690,58,False,0.08405797101449275,0.06,0.04,0.04,0.10344827586206896,0.017241379310344827,0.034482758620689655,b1
25,0.010582010582010581,,2024-09-30,0.12299465240641712,615,ofac_only,B1_russia_port,378,4,False,0.08163265306122448,0.04,0.08,0.08,1.0,0.5,1.0,first_seen
323,0.022442972774098603,,2024-09-30,0.017312758750470454,615,ofac_only,B2_weighted,2718,61,False,0.08572177636652932,0.07,0.08,0.08,0.11475409836065574,0.03278688524590164,0.06557377049180328,all
313,0.08405797101449275,,2024-09-30,0.07278481012658228,615,ofac_only,B2_weighted,690,58,False,0.08997024786685323,0.07,0.08,0.08,0.1206896551724138,0.034482758620689655,0.06896551724137931,b1
21,0.010582010582010581,,2024-09-30,0.12299465240641712,615,ofac_only,B2_weighted,378,4,False,0.11785714285714287,0.04,0.12,0.08,1.0,0.75,1.0,first_seen
658,0.022442972774098603,,2024-09-30,0.018065487391795258,615,ofac_only,ISO_forest,2718,61,False,0.0528169424815315,0.02,0.08,0.04,0.03278688524590164,0.03278688524590164,0.03278688524590164,all
226,0.08405797101449275,,2024-09-30,0.07278481012658228,615,ofac_only,ISO_forest,690,58,False,0.11883235533094287,0.09,0.08,0.08,0.15517241379310345,0.034482758620689655,0.06896551724137931,b1
30,0.010582010582010581,,2024-09-30,0.12566844919786097,615,ofac_only,ISO_forest,378,4,False,0.062023809523809516,0.03,0.04,0.06,0.75,0.25,0.75,first_seen
,,,2024-09-30,,615,ofac_only,B3_logistic,,,True,,,,,,,,all
,,,2024-09-30,,615,ofac_only,LGBM,,,True,,,,,,,,all
1212,0.04075583549462764,,2024-10-31,0.01892622634221707,577,union,B0_random,2699,110,False,0.04541645768774001,0.03,0.04,0.02,0.02727272727272727,0.00909090909090909,0.00909090909090909,all
297,0.1607669616519174,,2024-10-31,0.07205623901581722,577,union,B0_random,678,109,False,0.17528161145321394,0.17,0.08,0.18,0.1559633027522936,0.01834862385321101,0.08256880733944955,b1
201,0.022222222222222223,,2024-10-31,0.22727272727272727,577,union,B0_random,225,5,False,0.014532018405786839,0.0,0.0,0.0,0.0,0.0,0.0,first_seen
262,0.04075583549462764,,2024-10-31,0.01738122827346466,577,union,B1_russia_port,2699,110,False,0.15967595141412388,0.18,0.12,0.1,0.16363636363636364,0.02727272727272727,0.045454545454545456,all
262,0.1607669616519174,,2024-10-31,0.07908611599297012,577,union,B1_russia_port,678,109,False,0.1607669616519174,0.18,0.12,0.1,0.1651376146788991,0.027522935779816515,0.045871559633027525,b1
15,0.022222222222222223,,2024-10-31,0.20454545454545456,577,union,B1_russia_port,225,5,False,0.11627906976744186,0.05,0.2,0.1,1.0,1.0,1.0,first_seen
281,0.04075583549462764,,2024-10-31,0.01660872923908845,577,union,B2_weighted,2699,110,False,0.1680216355902942,0.13,0.16,0.14,0.11818181818181818,0.03636363636363636,0.06363636363636363,all
281,0.1607669616519174,,2024-10-31,0.07557117750439367,577,union,B2_weighted,678,109,False,0.1715032808123182,0.13,0.16,0.14,0.11926605504587157,0.03669724770642202,0.06422018348623854,b1
19,0.022222222222222223,,2024-10-31,0.20454545454545456,577,union,B2_weighted,225,5,False,0.11372549019607843,0.05,0.12,0.1,1.0,0.6,1.0,first_seen
839,0.04075583549462764,,2024-10-31,0.01660872923908845,577,union,ISO_forest,2699,110,False,0.07791315283722872,0.1,0.16,0.14,0.09090909090909091,0.03636363636363636,0.06363636363636363,all
303,0.1607669616519174,,2024-10-31,0.06678383128295255,577,union,ISO_forest,678,109,False,0.19850968751051318,0.19,0.24,0.24,0.1743119266055046,0.05504587155963303,0.11009174311926606,b1
48,0.022222222222222223,,2024-10-31,0.20909090909090908,577,union,ISO_forest,225,5,False,0.09199206349206349,0.05,0.04,0.08,1.0,0.2,0.8,first_seen
,,,2024-10-31,,577,union,B3_logistic,,,True,,,,,,,,all
,,,2024-10-31,,577,union,LGBM,,,True,,,,,,,,all
1384,0.02223045572434235,,2024-10-31,0.018946570670708603,577,ofac_only,B0_random,2699,60,False,0.02035308875078959,0.0,0.0,0.0,0.0,0.0,0.0,all
342,0.08702064896755163,,2024-10-31,0.07754442649434572,577,ofac_only,B0_random,678,59,False,0.07993886870094524,0.05,0.0,0.04,0.0847457627118644,0.0,0.03389830508474576,b1
201,0.022222222222222223,,2024-10-31,0.22727272727272727,577,ofac_only,B0_random,225,5,False,0.014532018405786839,0.0,0.0,0.0,0.0,0.0,0.0,first_seen
296,0.02223045572434235,,2024-10-31,0.017809776430466086,577,ofac_only,B1_russia_port,2699,60,False,0.08594081241349813,0.08,0.08,0.06,0.13333333333333333,0.03333333333333333,0.05,all
296,0.08702064896755163,,2024-10-31,0.07592891760904685,577,ofac_only,B1_russia_port,678,59,False,0.08702064896755163,0.08,0.08,0.06,0.13559322033898305,0.03389830508474576,0.05084745762711865,b1
15,0.022222222222222223,,2024-10-31,0.20454545454545456,577,ofac_only,B1_russia_port,225,5,False,0.11627906976744186,0.05,0.2,0.1,1.0,1.0,1.0,first_seen
333,0.02223045572434235,,2024-10-31,0.017809776430466086,577,ofac_only,B2_weighted,2699,60,False,0.08917924527868855,0.06,0.08,0.06,0.1,0.03333333333333333,0.05,all
333,0.08702064896755163,,2024-10-31,0.07592891760904685,577,ofac_only,B2_weighted,678,59,False,0.09148100208932254,0.06,0.08,0.06,0.1016949152542373,0.03389830508474576,0.05084745762711865,b1
19,0.022222222222222223,,2024-10-31,0.20454545454545456,577,ofac_only,B2_weighted,225,5,False,0.11372549019607843,0.05,0.12,0.1,1.0,0.6,1.0,first_seen
779,0.02223045572434235,,2024-10-31,0.017430845017051912,577,ofac_only,ISO_forest,2699,60,False,0.044765331819243866,0.04,0.12,0.08,0.06666666666666667,0.05,0.06666666666666667,all
274,0.08702064896755163,,2024-10-31,0.07431340872374798,577,ofac_only,ISO_forest,678,59,False,0.11130942647884842,0.08,0.16,0.08,0.13559322033898305,0.06779661016949153,0.06779661016949153,b1
48,0.022222222222222223,,2024-10-31,0.20909090909090908,577,ofac_only,ISO_forest,225,5,False,0.09199206349206349,0.05,0.04,0.08,1.0,0.2,0.8,first_seen
,,,2024-10-31,,577,ofac_only,B3_logistic,,,True,,,,,,,,all
,,,2024-10-31,,577,ofac_only,LGBM,,,True,,,,,,,,all
1399,0.06904400606980274,,2024-11-30,0.018337408312958436,497,union,B0_random,2636,182,False,0.07236782613524051,0.08,0.12,0.1,0.04395604395604396,0.016483516483516484,0.027472527472527472,all
341,0.271889400921659,,2024-11-30,0.0759493670886076,497,union,B0_random,651,177,False,0.2843284495406869,0.28,0.32,0.28,0.15819209039548024,0.04519774011299435,0.07909604519774012,b1
158,0.03162055335968379,,2024-11-30,0.2,497,union,B0_random,253,8,False,0.03251899039771836,0.03,0.0,0.02,0.375,0.0,0.125,first_seen
213,0.06904400606980274,,2024-11-30,0.013854930725346373,497,union,B1_russia_port,2636,182,False,0.26631672523891564,0.42,0.32,0.32,0.23076923076923078,0.04395604395604396,0.08791208791208792,all
208,0.271889400921659,,2024-11-30,0.07172995780590717,497,union,B1_russia_port,651,177,False,0.271889400921659,0.42,0.32,0.32,0.23728813559322035,0.04519774011299435,0.0903954802259887,b1
4,0.03162055335968379,,2024-11-30,0.17551020408163265,497,union,B1_russia_port,253,8,False,0.16100385122124253,0.08,0.28,0.14,1.0,0.875,0.875,first_seen
256,0.06904400606980274,,2024-11-30,0.012224938875305624,497,union,B2_weighted,2636,182,False,0.2936577383675196,0.33,0.24,0.4,0.1813186813186813,0.03296703296703297,0.10989010989010989,all
253,0.271889400921659,,2024-11-30,0.06329113924050633,497,union,B2_weighted,651,177,False,0.3025959986832209,0.33,0.24,0.4,0.1864406779661017,0.03389830508474576,0.11299435028248588,b1
8,0.03162055335968379,,2024-11-30,0.17551020408163265,497,union,B2_weighted,253,8,False,0.3317934782608695,0.07,0.28,0.14,0.875,0.875,0.875,first_seen
749,0.06904400606980274,,2024-11-30,0.011817440912795437,497,union,ISO_forest,2636,182,False,0.21159501188230823,0.26,0.64,0.42,0.14285714285714285,0.08791208791208792,0.11538461538461539,all
266,0.271889400921659,,2024-11-30,0.05063291139240506,497,union,ISO_forest,651,177,False,0.416513661278365,0.43,0.64,0.52,0.24293785310734464,0.0903954802259887,0.14689265536723164,b1
67,0.03162055335968379,,2024-11-30,0.19183673469387755,497,union,ISO_forest,253,8,False,0.1189753568944605,0.06,0.12,0.06,0.75,0.375,0.375,first_seen
,,,2024-11-30,,497,union,B3_logistic,,,True,,,,,,,,all
,,,2024-11-30,,497,union,LGBM,,,True,,,,,,,,all
1539,0.022382397572078907,,2024-11-30,0.019014357780364765,497,ofac_only,B0_random,2636,59,False,0.019129632251569918,0.02,0.0,0.02,0.03389830508474576,0.0,0.01694915254237288,all
367,0.0890937019969278,,2024-11-30,0.08094435075885328,497,ofac_only,B0_random,651,58,False,0.0768584087903958,0.07,0.08,0.04,0.1206896551724138,0.034482758620689655,0.034482758620689655,b1
53,0.007905138339920948,,2024-11-30,0.199203187250996,497,ofac_only,B0_random,253,2,False,0.014173298757041939,0.01,0.0,0.0,0.5,0.0,0.0,first_seen
333,0.022382397572078907,,2024-11-30,0.01785021342646488,497,ofac_only,B1_russia_port,2636,59,False,0.08796300192193036,0.08,0.08,0.08,0.13559322033898305,0.03389830508474576,0.06779661016949153,all
287,0.0890937019969278,,2024-11-30,0.0775716694772344,497,ofac_only,B1_russia_port,651,58,False,0.0890937019969278,0.08,0.08,0.08,0.13793103448275862,0.034482758620689655,0.06896551724137931,b1
5,0.007905138339920948,,2024-11-30,0.19123505976095617,497,ofac_only,B1_russia_port,253,2,False,0.05128205128205128,0.02,0.08,0.04,1.0,1.0,1.0,first_seen
310,0.022382397572078907,,2024-11-30,0.01823826154443151,497,ofac_only,B2_weighted,2636,59,False,0.08973522490856106,0.05,0.0,0.06,0.0847457627118644,0.0,0.05084745762711865,all
308,0.0890937019969278,,2024-11-30,0.07925801011804384,497,ofac_only,B2_weighted,651,58,False,0.09245279068245763,0.05,0.0,0.06,0.08620689655172414,0.0,0.05172413793103448,b1
4,0.007905138339920948,,2024-11-30,0.19123505976095617,497,ofac_only,B2_weighted,253,2,False,0.18181818181818182,0.02,0.08,0.04,1.0,1.0,1.0,first_seen
582,0.022382397572078907,,2024-11-30,0.017074117190531625,497,ofac_only,ISO_forest,2636,59,False,0.07243161063070855,0.09,0.16,0.12,0.15254237288135594,0.06779661016949153,0.1016949152542373,all
189,0.0890937019969278,,2024-11-30,0.06913996627318718,497,ofac_only,ISO_forest,651,58,False,0.15883436702187642,0.15,0.16,0.18,0.25862068965517243,0.06896551724137931,0.15517241379310345,b1
5,0.007905138339920948,,2024-11-30,0.1952191235059761,497,ofac_only,ISO_forest,253,2,False,0.11492537313432837,0.02,0.04,0.02,1.0,0.5,0.5,first_seen
,,,2024-11-30,,497,ofac_only,B3_logistic,,,True,,,,,,,,all
,,,2024-11-30,,497,ofac_only,LGBM,,,True,,,,,,,,all
1330,0.06105422828972317,,2024-12-31,0.017770597738287562,474,union,B0_random,2637,161,False,0.07090383171343492,0.09,0.12,0.12,0.055900621118012424,0.018633540372670808,0.037267080745341616,all
310,0.2524271844660194,,2024-12-31,0.08008658008658008,474,union,B0_random,618,156,False,0.2669779480593501,0.33,0.32,0.26,0.21153846153846154,0.05128205128205128,0.08333333333333333,b1
117,0.0330188679245283,,2024-12-31,0.23902439024390243,474,union,B0_random,212,7,False,0.03890528328654092,0.02,0.04,0.02,0.2857142857142857,0.14285714285714285,0.14285714285714285,first_seen
207,0.06105422828972317,,2024-12-31,0.012924071082390954,474,union,B1_russia_port,2637,161,False,0.24648392495743882,0.39,0.32,0.36,0.2422360248447205,0.049689440993788817,0.11180124223602485,all
203,0.2524271844660194,,2024-12-31,0.06926406926406926,474,union,B1_russia_port,618,156,False,0.2524271844660194,0.39,0.32,0.36,0.25,0.05128205128205128,0.11538461538461539,b1
14,0.0330188679245283,,2024-12-31,0.2097560975609756,474,union,B1_russia_port,212,7,False,0.14371312012821447,0.07,0.24,0.14,1.0,0.8571428571428571,1.0,first_seen
225,0.06105422828972317,,2024-12-31,0.012520193861066236,474,union,B2_weighted,2637,161,False,0.2826066890206328,0.32,0.2,0.38,0.19875776397515527,0.031055900621118012,0.11801242236024845,all
212,0.2524271844660194,,2024-12-31,0.0670995670995671,474,union,B2_weighted,618,156,False,0.29008923940848724,0.32,0.2,0.38,0.20512820512820512,0.03205128205128205,0.12179487179487179,b1
11,0.0330188679245283,,2024-12-31,0.2146341463414634,474,union,B2_weighted,212,7,False,0.22235300364614677,0.07,0.24,0.12,1.0,0.8571428571428571,0.8571428571428571,first_seen
775,0.06105422828972317,,2024-12-31,0.011308562197092083,474,union,ISO_forest,2637,161,False,0.18462685595937478,0.27,0.6,0.44,0.16770186335403728,0.09316770186335403,0.13664596273291926,all
252,0.2524271844660194,,2024-12-31,0.05627705627705628,474,union,ISO_forest,618,156,False,0.3780923576305665,0.39,0.64,0.48,0.25,0.10256410256410256,0.15384615384615385,b1
47,0.0330188679245283,,2024-12-31,0.21951219512195122,474,union,ISO_forest,212,7,False,0.1170468596000511,0.07,0.12,0.1,1.0,0.42857142857142855,0.7142857142857143,first_seen
,,,2024-12-31,,474,union,B3_logistic,,,True,,,,,,,,all
,,,2024-12-31,,474,union,LGBM,,,True,,,,,,,,all
1571,0.01782328403488813,,2024-12-31,0.018532818532818532,474,ofac_only,B0_random,2637,47,False,0.019848458810520983,0.02,0.0,0.04,0.0425531914893617,0.0,0.0425531914893617,all
369,0.07605177993527508,,2024-12-31,0.08056042031523643,474,ofac_only,B0_random,618,47,False,0.07517328019521212,0.11,0.08,0.08,0.23404255319148937,0.0425531914893617,0.0851063829787234,b1
138,0.014150943396226415,,2024-12-31,0.23923444976076555,474,ofac_only,B0_random,212,3,False,0.01413153362662479,0.0,0.0,0.0,0.0,0.0,0.0,first_seen
275,0.01782328403488813,,2024-12-31,0.017374517374517374,474,ofac_only,B1_russia_port,2637,47,False,0.07605177993527508,0.07,0.08,0.1,0.14893617021276595,0.0425531914893617,0.10638297872340426,all
275,0.07605177993527508,,2024-12-31,0.07880910683012259,474,ofac_only,B1_russia_port,618,47,False,0.07605177993527508,0.07,0.08,0.1,0.14893617021276595,0.0425531914893617,0.10638297872340426,b1
14,0.014150943396226415,,2024-12-31,0.22488038277511962,474,ofac_only,B1_russia_port,212,3,False,0.08108108108108109,0.03,0.12,0.06,1.0,1.0,1.0,first_seen
279,0.01782328403488813,,2024-12-31,0.018532818532818532,474,ofac_only,B2_weighted,2637,47,False,0.08237979731245396,0.04,0.0,0.04,0.0851063829787234,0.0,0.0425531914893617,all
279,0.07605177993527508,,2024-12-31,0.0840630472854641,474,ofac_only,B2_weighted,618,47,False,0.0837870869657371,0.04,0.0,0.04,0.0851063829787234,0.0,0.0425531914893617,b1
15,0.014150943396226415,,2024-12-31,0.22488038277511962,474,ofac_only,B2_weighted,212,3,False,0.0744215134459037,0.03,0.12,0.06,1.0,1.0,1.0,first_seen
531,0.01782328403488813,,2024-12-31,0.01698841698841699,474,ofac_only,ISO_forest,2637,47,False,0.05677038932933895,0.08,0.16,0.12,0.1702127659574468,0.0851063829787234,0.1276595744680851,all
165,0.07605177993527508,,2024-12-31,0.07355516637478109,474,ofac_only,ISO_forest,618,47,False,0.13842785135483102,0.13,0.16,0.16,0.2765957446808511,0.0851063829787234,0.1702127659574468,b1
50,0.014150943396226415,,2024-12-31,0.22966507177033493,474,ofac_only,ISO_forest,212,3,False,0.03393904542840713,0.03,0.0,0.04,1.0,0.0,0.6666666666666666,first_seen
,,,2024-12-31,,474,ofac_only,B3_logistic,,,True,,,,,,,,all
,,,2024-12-31,,474,ofac_only,LGBM,,,True,,,,,,,,all
1329,0.0548159749412686,,2025-01-31,0.01739850869925435,423,union,B0_random,2554,140,False,0.06578902764457402,0.09,0.16,0.16,0.06428571428571428,0.02857142857142857,0.05714285714285714,all
299,0.22184300341296928,,2025-01-31,0.07675438596491228,423,union,B0_random,586,130,False,0.253894548021219,0.26,0.32,0.3,0.2,0.06153846153846154,0.11538461538461539,b1
97,0.0049504950495049506,,2025-01-31,0.24875621890547264,423,union,B0_random,202,1,False,0.010309278350515464,0.01,0.0,0.0,1.0,0.0,0.0,first_seen
178,0.0548159749412686,,2025-01-31,0.013670256835128418,423,union,B1_russia_port,2554,140,False,0.2099125013792764,0.42,0.28,0.34,0.3,0.05,0.12142857142857143,all
171,0.22184300341296928,,2025-01-31,0.07236842105263158,423,union,B1_russia_port,586,130,False,0.22184300341296928,0.42,0.28,0.34,0.3230769230769231,0.05384615384615385,0.13076923076923078,b1
3,0.0049504950495049506,,2025-01-31,0.24378109452736318,423,union,B1_russia_port,202,1,False,0.02127659574468085,0.01,0.04,0.02,1.0,1.0,1.0,first_seen
182,0.0548159749412686,,2025-01-31,0.012013256006628004,423,union,B2_weighted,2554,140,False,0.2558586927836083,0.38,0.36,0.42,0.2714285714285714,0.06428571428571428,0.15,all
164,0.22184300341296928,,2025-01-31,0.06359649122807018,423,union,B2_weighted,586,130,False,0.27021104735482665,0.38,0.36,0.42,0.2923076923076923,0.06923076923076923,0.16153846153846155,b1
18,0.0049504950495049506,,2025-01-31,0.24378109452736318,423,union,B2_weighted,202,1,False,0.0196078431372549,0.01,0.04,0.02,1.0,1.0,1.0,first_seen
731,0.0548159749412686,,2025-01-31,0.014084507042253521,423,union,ISO_forest,2554,140,False,0.16416181101982105,0.25,0.4,0.32,0.17857142857142858,0.07142857142857142,0.11428571428571428,all
234,0.22184300341296928,,2025-01-31,0.06359649122807018,423,union,ISO_forest,586,130,False,0.3423762654498548,0.38,0.52,0.42,0.2923076923076923,0.1,0.16153846153846155,b1
11,0.0049504950495049506,,2025-01-31,0.24378109452736318,423,union,ISO_forest,202,1,False,0.09090909090909091,0.01,0.04,0.02,1.0,1.0,1.0,first_seen
,,,2025-01-31,,423,union,B3_logistic,,,True,,,,,,,,all
,,,2025-01-31,,423,union,LGBM,,,True,,,,,,,,all
1582,0.006656225528582615,,2025-01-31,0.01931415057154119,423,ofac_only,B0_random,2554,17,False,0.009710173774757476,0.01,0.04,0.02,0.058823529411764705,0.058823529411764705,0.058823529411764705,all
365,0.02901023890784983,,2025-01-31,0.08611599297012303,423,ofac_only,B0_random,586,17,False,0.035600500094936316,0.01,0.04,0.02,0.058823529411764705,0.058823529411764705,0.058823529411764705,b1
97,0.0049504950495049506,,2025-01-31,0.24875621890547264,423,ofac_only,B0_random,202,1,False,0.010309278350515464,0.01,0.0,0.0,1.0,0.0,0.0,first_seen
188,0.006656225528582615,,2025-01-31,0.018131651556957035,423,ofac_only,B1_russia_port,2554,17,False,0.02901023890784983,0.05,0.08,0.08,0.29411764705882354,0.11764705882352941,0.23529411764705882,all
188,0.02901023890784983,,2025-01-31,0.08084358523725835,423,ofac_only,B1_russia_port,586,17,False,0.02901023890784983,0.05,0.08,0.08,0.29411764705882354,0.11764705882352941,0.23529411764705882,b1
3,0.0049504950495049506,,2025-01-31,0.24378109452736318,423,ofac_only,B1_russia_port,202,1,False,0.02127659574468085,0.01,0.04,0.02,1.0,1.0,1.0,first_seen
182,0.006656225528582615,,2025-01-31,0.01891998423334647,423,ofac_only,B2_weighted,2554,17,False,0.06248579686902729,0.04,0.08,0.04,0.23529411764705882,0.11764705882352941,0.11764705882352941,all
182,0.02901023890784983,,2025-01-31,0.0843585237258348,423,ofac_only,B2_weighted,586,17,False,0.0631696051847355,0.04,0.08,0.04,0.23529411764705882,0.11764705882352941,0.11764705882352941,b1
18,0.0049504950495049506,,2025-01-31,0.24378109452736318,423,ofac_only,B2_weighted,202,1,False,0.0196078431372549,0.01,0.04,0.02,1.0,1.0,1.0,first_seen
792,0.006656225528582615,,2025-01-31,0.01891998423334647,423,ofac_only,ISO_forest,2554,17,False,0.057599541424424,0.04,0.08,0.04,0.23529411764705882,0.11764705882352941,0.11764705882352941,all
234,0.02901023890784983,,2025-01-31,0.08084358523725835,423,ofac_only,ISO_forest,586,17,False,0.12861537944701357,0.04,0.08,0.08,0.23529411764705882,0.11764705882352941,0.23529411764705882,b1
11,0.0049504950495049506,,2025-01-31,0.24378109452736318,423,ofac_only,ISO_forest,202,1,False,0.09090909090909091,0.01,0.04,0.02,1.0,1.0,1.0,first_seen
,,,2025-01-31,,423,ofac_only,B3_logistic,,,True,,,,,,,,all
,,,2025-01-31,,423,ofac_only,LGBM,,,True,,,,,,,,all
1047,0.046438410074773714,,2025-02-28,0.018984729673957902,419,union,B0_random,2541,118,False,0.056890745469815346,0.06,0.12,0.08,0.05084745762711865,0.025423728813559324,0.03389830508474576,all
233,0.1872791519434629,,2025-02-28,0.09347826086956522,419,union,B0_random,566,106,False,0.20814139625122102,0.18,0.2,0.14,0.16981132075471697,0.04716981132075472,0.0660377358490566,b1
89,0.042328042328042326,,2025-02-28,0.27071823204419887,419,union,B0_random,189,8,False,0.043440201576151014,0.04,0.0,0.02,0.5,0.0,0.125,first_seen
153,0.046438410074773714,,2025-02-28,0.01361947998349154,419,union,B1_russia_port,2541,118,False,0.17295636463478264,0.39,0.28,0.34,0.3305084745762712,0.059322033898305086,0.1440677966101695,all
139,0.1872791519434629,,2025-02-28,0.07173913043478261,419,union,B1_russia_port,566,106,False,0.1872791519434629,0.39,0.28,0.34,0.36792452830188677,0.0660377358490566,0.16037735849056603,b1
4,0.042328042328042326,,2025-02-28,0.23204419889502761,419,union,B1_russia_port,189,8,False,0.17129629629629628,0.08,0.24,0.16,1.0,0.75,1.0,first_seen
169,0.046438410074773714,,2025-02-28,0.014444903012794058,419,union,B2_weighted,2541,118,False,0.20832476133454558,0.36,0.36,0.3,0.3050847457627119,0.07627118644067797,0.1271186440677966,all
148,0.1872791519434629,,2025-02-28,0.07608695652173914,419,union,B2_weighted,566,106,False,0.22444425955816913,0.36,0.36,0.3,0.33962264150943394,0.08490566037735849,0.14150943396226415,b1
11,0.042328042328042326,,2025-02-28,0.2430939226519337,419,union,B2_weighted,189,8,False,0.15774949826673965,0.08,0.24,0.12,1.0,0.75,0.75,first_seen
688,0.046438410074773714,,2025-02-28,0.014032191498142799,419,union,ISO_forest,2541,118,False,0.15287405657077974,0.25,0.44,0.32,0.211864406779661,0.09322033898305085,0.13559322033898305,all
214,0.1872791519434629,,2025-02-28,0.06521739130434782,419,union,ISO_forest,566,106,False,0.30388181078522786,0.34,0.52,0.4,0.32075471698113206,0.12264150943396226,0.18867924528301888,b1
39,0.042328042328042326,,2025-02-28,0.24861878453038674,419,union,ISO_forest,189,8,False,0.08706473778322517,0.06,0.08,0.1,0.75,0.25,0.625,first_seen
,,,2025-02-28,,419,union,B3_logistic,,,True,,,,,,,,all
,,,2025-02-28,,419,union,LGBM,,,True,,,,,,,,all
837,0.006690279417552145,,2025-02-28,0.01941362916006339,419,ofac_only,B0_random,2541,17,False,0.03951394770671727,0.01,0.04,0.02,0.058823529411764705,0.058823529411764705,0.058823529411764705,all
161,0.026501766784452298,,2025-02-28,0.08892921960072596,419,ofac_only,B0_random,566,15,False,0.10768256105451145,0.05,0.04,0.02,0.3333333333333333,0.06666666666666667,0.06666666666666667,b1
89,0.005291005291005291,,2025-02-28,0.26595744680851063,419,ofac_only,B0_random,189,1,False,0.011235955056179775,0.01,0.0,0.0,1.0,0.0,0.0,first_seen
211,0.006690279417552145,,2025-02-28,0.01862123613312203,419,ofac_only,B1_russia_port,2541,17,False,0.024171003564816985,0.04,0.04,0.06,0.23529411764705882,0.058823529411764705,0.17647058823529413,all
173,0.026501766784452298,,2025-02-28,0.0852994555353902,419,ofac_only,B1_russia_port,566,15,False,0.026501766784452298,0.04,0.04,0.06,0.26666666666666666,0.06666666666666667,0.2,b1
50,0.005291005291005291,,2025-02-28,0.26063829787234044,419,ofac_only,B1_russia_port,189,1,False,0.005291005291005291,0.01,0.0,0.02,1.0,0.0,1.0,first_seen
169,0.006690279417552145,,2025-02-28,0.01901743264659271,419,ofac_only,B2_weighted,2541,17,False,0.03480600721203239,0.04,0.04,0.04,0.23529411764705882,0.058823529411764705,0.11764705882352941,all
164,0.026501766784452298,,2025-02-28,0.08711433756805807,419,ofac_only,B2_weighted,566,15,False,0.038872715635135086,0.04,0.04,0.04,0.26666666666666666,0.06666666666666667,0.13333333333333333,b1
83,0.005291005291005291,,2025-02-28,0.26595744680851063,419,ofac_only,B2_weighted,189,1,False,0.005291005291005291,0.01,0.0,0.0,1.0,0.0,0.0,first_seen
690,0.006690279417552145,,2025-02-28,0.01901743264659271,419,ofac_only,ISO_forest,2541,17,False,0.0230912758431057,0.04,0.08,0.04,0.23529411764705882,0.11764705882352941,0.11764705882352941,all
189,0.026501766784452298,,2025-02-28,0.0852994555353902,419,ofac_only,ISO_forest,566,15,False,0.054754337463555965,0.04,0.08,0.06,0.26666666666666666,0.13333333333333333,0.2,b1
15,0.005291005291005291,,2025-02-28,0.26063829787234044,419,ofac_only,ISO_forest,189,1,False,0.06666666666666667,0.01,0.04,0.02,1.0,1.0,1.0,first_seen
,,,2025-02-28,,419,ofac_only,B3_logistic,,,True,,,,,,,,all
,,,2025-02-28,,419,ofac_only,LGBM,,,True,,,,,,,,all
1303,0.04700352526439483,,2025-03-31,0.018495684340320593,391,union,B0_random,2553,120,False,0.05431545947052956,0.08,0.12,0.1,0.06666666666666667,0.025,0.041666666666666664,all
314,0.18855218855218855,,2025-03-31,0.08506224066390042,391,union,B0_random,594,112,False,0.20332085917037235,0.16,0.32,0.18,0.14285714285714285,0.07142857142857142,0.08035714285714286,b1
94,0.00411522633744856,,2025-03-31,0.2066115702479339,391,union,B0_random,243,1,False,0.010638297872340425,0.01,0.0,0.0,1.0,0.0,0.0,first_seen
158,0.04700352526439483,,2025-03-31,0.013152486642005754,391,union,B1_russia_port,2553,120,False,0.17911561099966897,0.39,0.32,0.36,0.325,0.06666666666666667,0.15,all
144,0.18855218855218855,,2025-03-31,0.06639004149377593,391,union,B1_russia_port,594,112,False,0.18855218855218855,0.39,0.32,0.36,0.3482142857142857,0.07142857142857142,0.16071428571428573,b1
21,0.00411522633744856,,2025-03-31,0.2024793388429752,391,union,B1_russia_port,243,1,False,0.02,0.01,0.04,0.02,1.0,1.0,1.0,first_seen
167,0.04700352526439483,,2025-03-31,0.011919441019317715,391,union,B2_weighted,2553,120,False,0.23989240858581762,0.41,0.52,0.42,0.3416666666666667,0.10833333333333334,0.175,all
150,0.18855218855218855,,2025-03-31,0.06016597510373444,391,union,B2_weighted,594,112,False,0.25216020751735035,0.41,0.52,0.42,0.36607142857142855,0.11607142857142858,0.1875,b1
26,0.00411522633744856,,2025-03-31,0.2024793388429752,391,union,B2_weighted,243,1,False,0.019230769230769232,0.01,0.0,0.02,1.0,0.0,1.0,first_seen
635,0.04700352526439483,,2025-03-31,0.013563501849568433,391,union,ISO_forest,2553,120,False,0.1818836761158445,0.28,0.44,0.34,0.23333333333333334,0.09166666666666666,0.14166666666666666,all
207,0.18855218855218855,,2025-03-31,0.06224066390041494,391,union,ISO_forest,594,112,False,0.3377578904803459,0.39,0.56,0.4,0.3482142857142857,0.125,0.17857142857142858,b1
90,0.00411522633744856,,2025-03-31,0.2066115702479339,391,union,ISO_forest,243,1,False,0.011111111111111112,0.01,0.0,0.0,1.0,0.0,0.0,first_seen
221,0.04700352526439483,0.11110065345548722,2025-03-31,0.013974517057131115,391,union,B3_logistic,2553,120,False,0.263115919504892,0.31,0.36,0.32,0.25833333333333336,0.075,0.13333333333333333,all
188,0.18855218855218855,0.3587715739868877,2025-03-31,0.06846473029045644,391,union,B3_logistic,594,112,False,0.29424425254951875,0.34,0.4,0.34,0.30357142857142855,0.08928571428571429,0.15178571428571427,b1
71,0.00411522633744856,0.10019491177081415,2025-03-31,0.2066115702479339,391,union,B3_logistic,243,1,False,0.014084507042253521,0.01,0.0,0.0,1.0,0.0,0.0,first_seen
164,0.04700352526439483,,2025-03-31,0.011919441019317715,391,union,LGBM,2553,120,False,0.3281642294987235,0.4,0.44,0.42,0.3333333333333333,0.09166666666666666,0.175,all
152,0.18855218855218855,,2025-03-31,0.06016597510373444,391,union,LGBM,594,112,False,0.3450680913803149,0.38,0.44,0.42,0.3392857142857143,0.09821428571428571,0.1875,b1
38,0.00411522633744856,,2025-03-31,0.2024793388429752,391,union,LGBM,243,1,False,0.02631578947368421,0.01,0.0,0.02,1.0,0.0,1.0,first_seen
1406,0.007050528789659225,,2025-03-31,0.01893491124260355,391,ofac_only,B0_random,2553,18,False,0.018243717727212286,0.02,0.04,0.04,0.1111111111111111,0.05555555555555555,0.1111111111111111,all
337,0.02861952861952862,,2025-03-31,0.0831889081455806,391,ofac_only,B0_random,594,17,False,0.0646450610174137,0.03,0.08,0.04,0.17647058823529413,0.11764705882352941,0.11764705882352941,b1
,0.0,,2025-03-31,0.205761316872428,391,ofac_only,B0_random,243,0,False,,0.0,0.0,0.0,,,,first_seen
221,0.007050528789659225,,2025-03-31,0.01893491124260355,391,ofac_only,B1_russia_port,2553,18,False,0.027421250851202544,0.04,0.04,0.04,0.2222222222222222,0.05555555555555555,0.1111111111111111,all
221,0.02861952861952862,,2025-03-31,0.0831889081455806,391,ofac_only,B1_russia_port,594,17,False,0.02861952861952862,0.04,0.04,0.04,0.23529411764705882,0.058823529411764705,0.11764705882352941,b1
,0.0,,2025-03-31,0.205761316872428,391,ofac_only,B1_russia_port,243,0,False,,0.0,0.0,0.0,,,,first_seen
159,0.007050528789659225,,2025-03-31,0.01814595660749507,391,ofac_only,B2_weighted,2553,18,False,0.04289983070724799,0.06,0.04,0.08,0.3333333333333333,0.05555555555555555,0.2222222222222222,all
159,0.02861952861952862,,2025-03-31,0.07972270363951472,391,ofac_only,B2_weighted,594,17,False,0.04518367061619656,0.06,0.04,0.08,0.35294117647058826,0.058823529411764705,0.23529411764705882,b1
,0.0,,2025-03-31,0.205761316872428,391,ofac_only,B2_weighted,243,0,False,,0.0,0.0,0.0,,,,first_seen
416,0.007050528789659225,,2025-03-31,0.01893491124260355,391,ofac_only,ISO_forest,2553,18,False,0.02804048153998072,0.04,0.08,0.04,0.2222222222222222,0.1111111111111111,0.1111111111111111,all
209,0.02861952861952862,,2025-03-31,0.08145580589254767,391,ofac_only,ISO_forest,594,17,False,0.06339939471522833,0.04,0.08,0.06,0.23529411764705882,0.11764705882352941,0.17647058823529413,b1
,0.0,,2025-03-31,0.205761316872428,391,ofac_only,ISO_forest,243,0,False,,0.0,0.0,0.0,,,,first_seen
236,0.007050528789659225,0.09654483673818202,2025-03-31,0.01893491124260355,391,ofac_only,B3_logistic,2553,18,False,0.049724742699189486,0.08,0.08,0.04,0.4444444444444444,0.1111111111111111,0.1111111111111111,all
200,0.02861952861952862,0.3021579613678182,2025-03-31,0.07972270363951472,391,ofac_only,B3_logistic,594,17,False,0.06712640757571554,0.07,0.08,0.08,0.4117647058823529,0.11764705882352941,0.23529411764705882,b1
,0.0,0.10476076876757302,2025-03-31,0.205761316872428,391,ofac_only,B3_logistic,243,0,False,,0.0,0.0,0.0,,,,first_seen
356,0.007050528789659225,,2025-03-31,0.01893491124260355,391,ofac_only,LGBM,2553,18,False,0.03606886980767518,0.05,0.04,0.04,0.2777777777777778,0.05555555555555555,0.1111111111111111,all
253,0.02861952861952862,,2025-03-31,0.0831889081455806,391,ofac_only,LGBM,594,17,False,0.04759878010250556,0.05,0.04,0.04,0.29411764705882354,0.058823529411764705,0.11764705882352941,b1
,0.0,,2025-03-31,0.205761316872428,391,ofac_only,LGBM,243,0,False,,0.0,0.0,0.0,,,,first_seen
1315,0.05444234404536862,,2025-04-30,0.01919232307077169,384,union,B0_random,2645,144,False,0.057650905012329764,0.04,0.0,0.04,0.027777777777777776,0.0,0.013888888888888888,all
323,0.20926517571884984,,2025-04-30,0.07474747474747474,384,union,B0_random,626,131,False,0.21497227607450656,0.25,0.16,0.26,0.19083969465648856,0.030534351145038167,0.09923664122137404,b1
155,0.00398406374501992,,2025-04-30,0.2,384,union,B0_random,251,1,False,0.0064516129032258064,0.0,0.0,0.0,0.0,0.0,0.0,first_seen
181,0.05444234404536862,,2025-04-30,0.012395041983206718,384,union,B1_russia_port,2645,144,False,0.195288114526105,0.39,0.32,0.38,0.2708333333333333,0.05555555555555555,0.13194444444444445,all
169,0.20926517571884984,,2025-04-30,0.06262626262626263,384,union,B1_russia_port,626,131,False,0.20926517571884984,0.39,0.32,0.38,0.29770992366412213,0.061068702290076333,0.1450381679389313,b1
7,0.00398406374501992,,2025-04-30,0.196,384,union,B1_russia_port,251,1,False,0.025,0.01,0.04,0.02,1.0,1.0,1.0,first_seen
198,0.05444234404536862,,2025-04-30,0.011195521791283487,384,union,B2_weighted,2645,144,False,0.24060853326526208,0.43,0.36,0.44,0.2986111111111111,0.0625,0.1527777777777778,all
167,0.20926517571884984,,2025-04-30,0.05656565656565657,384,union,B2_weighted,626,131,False,0.25664394847430233,0.43,0.36,0.44,0.3282442748091603,0.06870229007633588,0.16793893129770993,b1
22,0.00398406374501992,,2025-04-30,0.196,384,union,B2_weighted,251,1,False,0.022727272727272728,0.01,0.04,0.02,1.0,1.0,1.0,first_seen
660,0.05444234404536862,,2025-04-30,0.013194722111155539,384,union,ISO_forest,2645,144,False,0.18224185167090606,0.3,0.44,0.34,0.20833333333333334,0.0763888888888889,0.11805555555555555,all
212,0.20926517571884984,,2025-04-30,0.05656565656565657,384,union,ISO_forest,626,131,False,0.3538887180128676,0.43,0.56,0.44,0.3282442748091603,0.10687022900763359,0.16793893129770993,b1
108,0.00398406374501992,,2025-04-30,0.2,384,union,ISO_forest,251,1,False,0.009259259259259259,0.0,0.0,0.0,0.0,0.0,0.0,first_seen
211,0.05444234404536862,0.10832885864433997,2025-04-30,0.012395041983206718,384,union,B3_logistic,2645,144,False,0.31312958381006917,0.38,0.36,0.38,0.2638888888888889,0.0625,0.13194444444444445,all
173,0.20926517571884984,0.34098715053360173,2025-04-30,0.05858585858585859,384,union,B3_logistic,626,131,False,0.35681068241758346,0.43,0.36,0.42,0.3282442748091603,0.06870229007633588,0.16030534351145037,b1
20,0.00398406374501992,0.08015793142129873,2025-04-30,0.196,384,union,B3_logistic,251,1,False,0.05,0.01,0.04,0.02,1.0,1.0,1.0,first_seen
217,0.05444234404536862,,2025-04-30,0.011995201919232307,384,union,LGBM,2645,144,False,0.3270546334754667,0.4,0.44,0.4,0.2777777777777778,0.0763888888888889,0.1388888888888889,all
196,0.20926517571884984,,2025-04-30,0.06060606060606061,384,union,LGBM,626,131,False,0.34200412749228437,0.4,0.44,0.4,0.3053435114503817,0.08396946564885496,0.15267175572519084,b1
10,0.00398406374501992,,2025-04-30,0.196,384,union,LGBM,251,1,False,0.1,0.01,0.04,0.02,1.0,1.0,1.0,first_seen
1033,0.0060491493383742915,,2025-04-30,0.01901863826550019,384,ofac_only,B0_random,2645,16,False,0.00727058407315094,0.01,0.0,0.0,0.0625,0.0,0.0,all
236,0.025559105431309903,,2025-04-30,0.07868852459016394,384,ofac_only,B0_random,626,16,False,0.03220947138050083,0.03,0.04,0.04,0.1875,0.0625,0.125,b1
,0.0,,2025-04-30,0.199203187250996,384,ofac_only,B0_random,251,0,False,,0.0,0.0,0.0,,,,first_seen
219,0.0060491493383742915,,2025-04-30,0.018257892734880182,384,ofac_only,B1_russia_port,2645,16,False,0.025559105431309903,0.03,0.04,0.04,0.1875,0.0625,0.125,all
219,0.025559105431309903,,2025-04-30,0.07868852459016394,384,ofac_only,B1_russia_port,626,16,False,0.025559105431309903,0.03,0.04,0.04,0.1875,0.0625,0.125,b1
,0.0,,2025-04-30,0.199203187250996,384,ofac_only,B1_russia_port,251,0,False,,0.0,0.0,0.0,,,,first_seen
164,0.0060491493383742915,,2025-04-30,0.01787751996957018,384,ofac_only,B2_weighted,2645,16,False,0.035991215498655645,0.05,0.04,0.06,0.3125,0.0625,0.1875,all
164,0.025559105431309903,,2025-04-30,0.07704918032786885,384,ofac_only,B2_weighted,626,16,False,0.03650011020218688,0.05,0.04,0.06,0.3125,0.0625,0.1875,b1
,0.0,,2025-04-30,0.199203187250996,384,ofac_only,B2_weighted,251,0,False,,0.0,0.0,0.0,,,,first_seen
529,0.0060491493383742915,,2025-04-30,0.018257892734880182,384,ofac_only,ISO_forest,2645,16,False,0.02781849257593897,0.02,0.08,0.04,0.125,0.125,0.125,all
173,0.025559105431309903,,2025-04-30,0.07868852459016394,384,ofac_only,ISO_forest,626,16,False,0.06421719489940046,0.03,0.08,0.04,0.1875,0.125,0.125,b1
,0.0,,2025-04-30,0.199203187250996,384,ofac_only,ISO_forest,251,0,False,,0.0,0.0,0.0,,,,first_seen
275,0.0060491493383742915,0.09638381659165389,2025-04-30,0.018257892734880182,384,ofac_only,B3_logistic,2645,16,False,0.03436141140153773,0.05,0.0,0.04,0.3125,0.0,0.125,all
223,0.025559105431309903,0.2977319053722325,2025-04-30,0.07868852459016394,384,ofac_only,B3_logistic,626,16,False,0.045631960193523224,0.06,0.04,0.04,0.375,0.0625,0.125,b1
,0.0,0.08494842802085126,2025-04-30,0.199203187250996,384,ofac_only,B3_logistic,251,0,False,,0.0,0.0,0.0,,,,first_seen
311,0.0060491493383742915,,2025-04-30,0.01787751996957018,384,ofac_only,LGBM,2645,16,False,0.055659384496489675,0.06,0.04,0.06,0.375,0.0625,0.1875,all
236,0.025559105431309903,,2025-04-30,0.07704918032786885,384,ofac_only,LGBM,626,16,False,0.06629539481168951,0.06,0.04,0.06,0.375,0.0625,0.1875,b1
,0.0,,2025-04-30,0.199203187250996,384,ofac_only,LGBM,251,0,False,,0.0,0.0,0.0,,,,first_seen
1265,0.023604346197077557,,2025-05-31,0.018035303146584806,415,union,B0_random,2669,63,False,0.0365346368553225,0.05,0.08,0.06,0.07936507936507936,0.031746031746031744,0.047619047619047616,all
263,0.10332749562171628,,2025-05-31,0.087890625,415,union,B0_random,571,59,False,0.12802819163224327,0.13,0.16,0.1,0.22033898305084745,0.06779661016949153,0.0847457627118644,b1
41,0.0036101083032490976,,2025-05-31,0.17753623188405798,415,union,B0_random,277,1,False,0.024390243902439025,0.01,0.0,0.02,1.0,0.0,1.0,first_seen
170,0.023604346197077557,,2025-05-31,0.015349194167306216,415,union,B1_russia_port,2669,63,False,0.09826570835665985,0.16,0.08,0.2,0.25396825396825395,0.031746031746031744,0.15873015873015872,all
166,0.10332749562171628,,2025-05-31,0.078125,415,union,B1_russia_port,571,59,False,0.10332749562171628,0.16,0.08,0.2,0.2711864406779661,0.03389830508474576,0.1694915254237288,b1
12,0.0036101083032490976,,2025-05-31,0.17753623188405798,415,union,B1_russia_port,277,1,False,0.03225806451612903,0.01,0.04,0.02,1.0,1.0,1.0,first_seen
234,0.023604346197077557,,2025-05-31,0.01419800460475825,415,union,B2_weighted,2669,63,False,0.12173816017750415,0.21,0.2,0.26,0.3333333333333333,0.07936507936507936,0.20634920634920634,all
181,0.10332749562171628,,2025-05-31,0.072265625,415,union,B2_weighted,571,59,False,0.12994674846155357,0.21,0.2,0.26,0.3559322033898305,0.0847457627118644,0.22033898305084745,b1
18,0.0036101083032490976,,2025-05-31,0.17753623188405798,415,union,B2_weighted,277,1,False,0.029411764705882353,0.01,0.04,0.02,1.0,1.0,1.0,first_seen
707,0.023604346197077557,,2025-05-31,0.01841903300076746,415,union,ISO_forest,2669,63,False,0.05476065615336844,0.1,0.04,0.04,0.15873015873015872,0.015873015873015872,0.031746031746031744,all
202,0.10332749562171628,,2025-05-31,0.07421875,415,union,ISO_forest,571,59,False,0.14696983859001916,0.16,0.08,0.24,0.2711864406779661,0.03389830508474576,0.2033898305084746,b1
74,0.0036101083032490976,,2025-05-31,0.18115942028985507,415,union,ISO_forest,277,1,False,0.013513513513513514,0.01,0.0,0.0,1.0,0.0,0.0,first_seen
188,0.023604346197077557,0.10698958969170416,2025-05-31,0.015732924021488872,415,union,B3_logistic,2669,63,False,0.15629606651445266,0.18,0.16,0.18,0.2857142857142857,0.06349206349206349,0.14285714285714285,all
162,0.10332749562171628,0.39029901719631405,2025-05-31,0.080078125,415,union,B3_logistic,571,59,False,0.1722321452578406,0.2,0.16,0.18,0.3389830508474576,0.06779661016949153,0.15254237288135594,b1
20,0.0036101083032490976,0.06260338776681293,2025-05-31,0.17753623188405798,415,union,B3_logistic,277,1,False,0.05,0.01,0.04,0.02,1.0,1.0,1.0,first_seen
182,0.023604346197077557,,2025-05-31,0.014965464313123561,415,union,LGBM,2669,63,False,0.18720554720696866,0.21,0.24,0.22,0.3333333333333333,0.09523809523809523,0.1746031746031746,all
177,0.10332749562171628,,2025-05-31,0.076171875,415,union,LGBM,571,59,False,0.188615506275434,0.2,0.24,0.22,0.3389830508474576,0.1016949152542373,0.1864406779661017,b1
6,0.0036101083032490976,,2025-05-31,0.17753623188405798,415,union,LGBM,277,1,False,0.16666666666666666,0.01,0.04,0.02,1.0,1.0,1.0,first_seen
620,0.005994754589733983,,2025-05-31,0.018846588767433094,415,ofac_only,B0_random,2669,16,False,0.008415069457183214,0.0,0.0,0.0,0.0,0.0,0.0,all
145,0.028021015761821366,,2025-05-31,0.09009009009009009,415,ofac_only,B0_random,571,16,False,0.0370396022744975,0.02,0.0,0.0,0.125,0.0,0.0,b1
,0.0,,2025-05-31,0.18050541516245489,415,ofac_only,B0_random,277,0,False,,0.0,0.0,0.0,,,,first_seen
166,0.005994754589733983,,2025-05-31,0.017338861666038447,415,ofac_only,B1_russia_port,2669,16,False,0.028021015761821366,0.06,0.04,0.08,0.375,0.0625,0.25,all
166,0.028021015761821366,,2025-05-31,0.08288288288288288,415,ofac_only,B1_russia_port,571,16,False,0.028021015761821366,0.06,0.04,0.08,0.375,0.0625,0.25,b1
,0.0,,2025-05-31,0.18050541516245489,415,ofac_only,B1_russia_port,277,0,False,,0.0,0.0,0.0,,,,first_seen
92,0.005994754589733983,,2025-05-31,0.017338861666038447,415,ofac_only,B2_weighted,2669,16,False,0.03903158222080336,0.08,0.08,0.08,0.5,0.125,0.25,all
92,0.028021015761821366,,2025-05-31,0.08288288288288288,415,ofac_only,B2_weighted,571,16,False,0.039729755096282376,0.08,0.08,0.08,0.5,0.125,0.25,b1
,0.0,,2025-05-31,0.18050541516245489,415,ofac_only,B2_weighted,277,0,False,,0.0,0.0,0.0,,,,first_seen
827,0.005994754589733983,,2025-05-31,0.018469656992084433,415,ofac_only,ISO_forest,2669,16,False,0.0120318564889056,0.01,0.0,0.02,0.0625,0.0,0.0625,all
241,0.028021015761821366,,2025-05-31,0.08828828828828829,415,ofac_only,ISO_forest,571,16,False,0.03739538792041887,0.03,0.04,0.02,0.1875,0.0625,0.0625,b1
,0.0,,2025-05-31,0.18050541516245489,415,ofac_only,ISO_forest,277,0,False,,0.0,0.0,0.0,,,,first_seen
175,0.005994754589733983,0.08662119629787181,2025-05-31,0.018092725216735772,415,ofac_only,B3_logistic,2669,16,False,0.03928098354684153,0.03,0.04,0.04,0.1875,0.0625,0.125,all
146,0.028021015761821366,0.2978879681985888,2025-05-31,0.08648648648648649,415,ofac_only,B3_logistic,571,16,False,0.05103762312821238,0.03,0.08,0.04,0.1875,0.125,0.125,b1
,0.0,0.06269437025228192,2025-05-31,0.18050541516245489,415,ofac_only,B3_logistic,277,0,False,,0.0,0.0,0.0,,,,first_seen
211,0.005994754589733983,,2025-05-31,0.016961929890689786,415,ofac_only,LGBM,2669,16,False,0.12618996483890252,0.05,0.08,0.1,0.3125,0.125,0.3125,all
195,0.028021015761821366,,2025-05-31,0.08108108108108109,415,ofac_only,LGBM,571,16,False,0.13110470352375422,0.05,0.08,0.1,0.3125,0.125,0.3125,b1
,0.0,,2025-05-31,0.18050541516245489,415,ofac_only,LGBM,277,0,False,,0.0,0.0,0.0,,,,first_seen
1118,0.02097130242825607,,2025-06-30,0.0184141300263059,420,union,B0_random,2718,57,False,0.023225891913178368,0.02,0.0,0.02,0.03508771929824561,0.0,0.017543859649122806,all
230,0.09507042253521127,,2025-06-30,0.08949416342412451,420,union,B0_random,568,54,False,0.1067005998054906,0.1,0.08,0.08,0.18518518518518517,0.037037037037037035,0.07407407407407407,b1
179,0.0045045045045045045,,2025-06-30,0.22624434389140272,420,union,B0_random,222,1,False,0.00558659217877095,0.0,0.0,0.0,0.0,0.0,0.0,first_seen
205,0.02097130242825607,,2025-06-30,0.01615933859451334,420,union,B1_russia_port,2718,57,False,0.09117046884537151,0.13,0.04,0.14,0.22807017543859648,0.017543859649122806,0.12280701754385964,all
187,0.09507042253521127,,2025-06-30,0.08365758754863813,420,union,B1_russia_port,568,54,False,0.09507042253521127,0.13,0.04,0.14,0.24074074074074073,0.018518518518518517,0.12962962962962962,b1
34,0.0045045045045045045,,2025-06-30,0.22171945701357465,420,union,B1_russia_port,222,1,False,0.0045045045045045045,0.01,0.0,0.02,1.0,0.0,1.0,first_seen
202,0.02097130242825607,,2025-06-30,0.013904547162720781,420,union,B2_weighted,2718,57,False,0.11835454897746216,0.19,0.12,0.26,0.3333333333333333,0.05263157894736842,0.22807017543859648,all
192,0.09507042253521127,,2025-06-30,0.07198443579766536,420,union,B2_weighted,568,54,False,0.12573817727093464,0.19,0.12,0.26,0.35185185185185186,0.05555555555555555,0.24074074074074073,b1
89,0.0045045045045045045,,2025-06-30,0.22624434389140272,420,union,B2_weighted,222,1,False,0.0045045045045045045,0.01,0.0,0.0,1.0,0.0,0.0,first_seen
570,0.02097130242825607,,2025-06-30,0.015783540022547914,420,union,ISO_forest,2718,57,False,0.07336219296460479,0.16,0.04,0.16,0.2807017543859649,0.017543859649122806,0.14035087719298245,all
153,0.09507042253521127,,2025-06-30,0.07003891050583658,420,union,ISO_forest,568,54,False,0.1791230975436359,0.19,0.24,0.28,0.35185185185185186,0.1111111111111111,0.25925925925925924,b1
63,0.0045045045045045045,,2025-06-30,0.22624434389140272,420,union,ISO_forest,222,1,False,0.015873015873015872,0.01,0.0,0.0,1.0,0.0,0.0,first_seen
183,0.02097130242825607,0.10784558935478038,2025-06-30,0.015407741450582487,420,union,B3_logistic,2718,57,False,0.166143896558105,0.21,0.12,0.18,0.3684210526315789,0.05263157894736842,0.15789473684210525,all
133,0.09507042253521127,0.40395870079146906,2025-06-30,0.07782101167315175,420,union,B3_logistic,568,54,False,0.18460571018210473,0.21,0.16,0.2,0.3888888888888889,0.07407407407407407,0.18518518518518517,b1
30,0.0045045045045045045,0.07237462149723857,2025-06-30,0.22171945701357465,420,union,B3_logistic,222,1,False,0.03333333333333333,0.01,0.0,0.02,1.0,0.0,1.0,first_seen
142,0.02097130242825607,,2025-06-30,0.014656144306651634,420,union,LGBM,2718,57,False,0.1899466808245703,0.21,0.24,0.22,0.3684210526315789,0.10526315789473684,0.19298245614035087,all
120,0.09507042253521127,,2025-06-30,0.07587548638132295,420,union,LGBM,568,54,False,0.19550175874272324,0.21,0.24,0.22,0.3888888888888889,0.1111111111111111,0.2037037037037037,b1
23,0.0045045045045045045,,2025-06-30,0.22171945701357465,420,union,LGBM,222,1,False,0.043478260869565216,0.01,0.04,0.02,1.0,1.0,1.0,first_seen
1065,0.006990434142752024,,2025-06-30,0.018154872174879585,420,ofac_only,B0_random,2718,19,False,0.009640579350020724,0.01,0.0,0.02,0.05263157894736842,0.0,0.05263157894736842,all
224,0.03345070422535211,,2025-06-30,0.08925318761384335,420,ofac_only,B0_random,568,19,False,0.04521124171942959,0.04,0.04,0.02,0.21052631578947367,0.05263157894736842,0.05263157894736842,b1
,0.0,,2025-06-30,0.22522522522522523,420,ofac_only,B0_random,222,0,False,,0.0,0.0,0.0,,,,first_seen
187,0.006990434142752024,,2025-06-30,0.017413856984068173,420,ofac_only,B1_russia_port,2718,19,False,0.03345070422535211,0.06,0.0,0.06,0.3157894736842105,0.0,0.15789473684210525,all
187,0.03345070422535211,,2025-06-30,0.08561020036429873,420,ofac_only,B1_russia_port,568,19,False,0.03345070422535211,0.06,0.0,0.06,0.3157894736842105,0.0,0.15789473684210525,b1
,0.0,,2025-06-30,0.22522522522522523,420,ofac_only,B1_russia_port,222,0,False,,0.0,0.0,0.0,,,,first_seen
202,0.006990434142752024,,2025-06-30,0.01778436457947388,420,ofac_only,B2_weighted,2718,19,False,0.03181494614876832,0.07,0.0,0.04,0.3684210526315789,0.0,0.10526315789473684,all
202,0.03345070422535211,,2025-06-30,0.08743169398907104,420,ofac_only,B2_weighted,568,19,False,0.032614683241768645,0.07,0.0,0.04,0.3684210526315789,0.0,0.10526315789473684,b1
,0.0,,2025-06-30,0.22522522522522523,420,ofac_only,B2_weighted,222,0,False,,0.0,0.0,0.0,,,,first_seen
880,0.006990434142752024,,2025-06-30,0.018525379770285292,420,ofac_only,ISO_forest,2718,19,False,0.011506842634481746,0.0,0.0,0.0,0.0,0.0,0.0,all
276,0.03345070422535211,,2025-06-30,0.09107468123861566,420,ofac_only,ISO_forest,568,19,False,0.03567649606944766,0.01,0.0,0.0,0.05263157894736842,0.0,0.0,b1
,0.0,,2025-06-30,0.22522522522522523,420,ofac_only,ISO_forest,222,0,False,,0.0,0.0,0.0,,,,first_seen
258,0.006990434142752024,0.08595564256245782,2025-06-30,0.01778436457947388,420,ofac_only,B3_logistic,2718,19,False,0.048828754439544056,0.06,0.04,0.04,0.3157894736842105,0.05263157894736842,0.10526315789473684,all
215,0.03345070422535211,0.3056678149318916,2025-06-30,0.08743169398907104,420,ofac_only,B3_logistic,568,19,False,0.06039348275849532,0.06,0.08,0.04,0.3157894736842105,0.10526315789473684,0.10526315789473684,b1
,0.0,0.0787689586795051,2025-06-30,0.22522522522522523,420,ofac_only,B3_logistic,222,0,False,,0.0,0.0,0.0,,,,first_seen
283,0.006990434142752024,,2025-06-30,0.017043349388662466,420,ofac_only,LGBM,2718,19,False,0.06484980497750377,0.05,0.16,0.08,0.2631578947368421,0.21052631578947367,0.21052631578947367,all
254,0.03345070422535211,,2025-06-30,0.08378870673952642,420,ofac_only,LGBM,568,19,False,0.07144450663222816,0.05,0.16,0.08,0.2631578947368421,0.21052631578947367,0.21052631578947367,b1
,0.0,,2025-06-30,0.22522522522522523,420,ofac_only,LGBM,222,0,False,,0.0,0.0,0.0,,,,first_seen
1202,0.009509875640087784,,2025-07-31,0.01809453471196455,444,union,B0_random,2734,26,False,0.01769192423782501,0.01,0.04,0.02,0.038461538461538464,0.038461538461538464,0.038461538461538464,all
228,0.04436229205175601,,2025-07-31,0.09090909090909091,444,union,B0_random,541,24,False,0.07318089253288593,0.04,0.08,0.06,0.16666666666666666,0.08333333333333333,0.125,b1
,0.0,,2025-07-31,0.2358490566037736,444,union,B0_random,212,0,False,,0.0,0.0,0.0,,,,first_seen
240,0.009509875640087784,,2025-07-31,0.01772525849335303,444,union,B1_russia_port,2734,26,False,0.04168133694316614,0.04,0.04,0.04,0.15384615384615385,0.038461538461538464,0.07692307692307693,all
186,0.04436229205175601,,2025-07-31,0.09284332688588008,444,union,B1_russia_port,541,24,False,0.04436229205175601,0.04,0.04,0.04,0.16666666666666666,0.041666666666666664,0.08333333333333333,b1
,0.0,,2025-07-31,0.2358490566037736,444,union,B1_russia_port,212,0,False,,0.0,0.0,0.0,,,,first_seen
334,0.009509875640087784,,2025-07-31,0.017355982274741506,444,union,B2_weighted,2734,26,False,0.04414922092018,0.06,0.04,0.06,0.23076923076923078,0.038461538461538464,0.11538461538461539,all
260,0.04436229205175601,,2025-07-31,0.09090909090909091,444,union,B2_weighted,541,24,False,0.048160586487845346,0.06,0.04,0.06,0.25,0.041666666666666664,0.125,b1
,0.0,,2025-07-31,0.2358490566037736,444,union,B2_weighted,212,0,False,,0.0,0.0,0.0,,,,first_seen
404,0.009509875640087784,,2025-07-31,0.016986706056129987,444,union,ISO_forest,2734,26,False,0.042189608260898785,0.07,0.08,0.08,0.2692307692307692,0.07692307692307693,0.15384615384615385,all
129,0.04436229205175601,,2025-07-31,0.08317214700193423,444,union,ISO_forest,541,24,False,0.10568874746507417,0.09,0.12,0.14,0.375,0.125,0.2916666666666667,b1
,0.0,,2025-07-31,0.2358490566037736,444,union,ISO_forest,212,0,False,,0.0,0.0,0.0,,,,first_seen
90,0.009509875640087784,0.10491235962778943,2025-07-31,0.016617429837518464,444,union,B3_logistic,2734,26,False,0.10216771818661746,0.13,0.08,0.1,0.5,0.07692307692307693,0.19230769230769232,all
70,0.04436229205175601,0.4107557571538618,2025-07-31,0.0851063829787234,444,union,B3_logistic,541,24,False,0.11955852271833356,0.13,0.12,0.12,0.5416666666666666,0.125,0.25,b1
,0.0,0.06577683140901645,2025-07-31,0.2358490566037736,444,union,B3_logistic,212,0,False,,0.0,0.0,0.0,,,,first_seen
111,0.009509875640087784,,2025-07-31,0.016617429837518464,444,union,LGBM,2734,26,False,0.11193219598485293,0.12,0.12,0.1,0.46153846153846156,0.11538461538461539,0.19230769230769232,all
88,0.04436229205175601,,2025-07-31,0.08704061895551257,444,union,LGBM,541,24,False,0.11669041134924661,0.12,0.12,0.1,0.5,0.125,0.20833333333333334,b1
,0.0,,2025-07-31,0.2358490566037736,444,union,LGBM,212,0,False,,0.0,0.0,0.0,,,,first_seen
1087,0.000731528895391368,,2025-07-31,0.018301610541727673,444,ofac_only,B0_random,2734,2,False,0.0009688874531532734,0.0,0.0,0.0,0.0,0.0,0.0,all
208,0.0036968576709796672,,2025-07-31,0.09276437847866419,444,ofac_only,B0_random,541,2,False,0.0049811657414750195,0.0,0.0,0.0,0.0,0.0,0.0,b1
,0.0,,2025-07-31,0.2358490566037736,444,ofac_only,B0_random,212,0,False,,0.0,0.0,0.0,,,,first_seen
157,0.000731528895391368,,2025-07-31,0.018301610541727673,444,ofac_only,B1_russia_port,2734,2,False,0.0036968576709796672,0.0,0.0,0.0,0.0,0.0,0.0,all
157,0.0036968576709796672,,2025-07-31,0.09276437847866419,444,ofac_only,B1_russia_port,541,2,False,0.0036968576709796672,0.0,0.0,0.0,0.0,0.0,0.0,b1
,0.0,,2025-07-31,0.2358490566037736,444,ofac_only,B1_russia_port,212,0,False,,0.0,0.0,0.0,,,,first_seen
386,0.000731528895391368,,2025-07-31,0.018301610541727673,444,ofac_only,B2_weighted,2734,2,False,0.0035149384885764497,0.0,0.0,0.0,0.0,0.0,0.0,all
382,0.0036968576709796672,,2025-07-31,0.09276437847866419,444,ofac_only,B2_weighted,541,2,False,0.0036968576709796672,0.0,0.0,0.0,0.0,0.0,0.0,b1
,0.0,,2025-07-31,0.2358490566037736,444,ofac_only,B2_weighted,212,0,False,,0.0,0.0,0.0,,,,first_seen
200,0.000731528895391368,,2025-07-31,0.018301610541727673,444,ofac_only,ISO_forest,2734,2,False,0.0033733624454148473,0.0,0.0,0.0,0.0,0.0,0.0,all
72,0.0036968576709796672,,2025-07-31,0.09276437847866419,444,ofac_only,ISO_forest,541,2,False,0.009676684881602914,0.01,0.0,0.0,0.5,0.0,0.0,b1
,0.0,,2025-07-31,0.2358490566037736,444,ofac_only,ISO_forest,212,0,False,,0.0,0.0,0.0,,,,first_seen
64,0.000731528895391368,0.08212992217735245,2025-07-31,0.018301610541727673,444,ofac_only,B3_logistic,2734,2,False,0.010500672043010754,0.01,0.0,0.0,0.5,0.0,0.0,all
52,0.0036968576709796672,0.29697325591154344,2025-07-31,0.09276437847866419,444,ofac_only,B3_logistic,541,2,False,0.013374783111625217,0.01,0.0,0.0,0.5,0.0,0.0,b1
,0.0,0.07120829977989605,2025-07-31,0.2358490566037736,444,ofac_only,B3_logistic,212,0,False,,0.0,0.0,0.0,,,,first_seen
46,0.000731528895391368,,2025-07-31,0.01793557833089312,444,ofac_only,LGBM,2734,2,False,0.01507124588966021,0.01,0.0,0.02,0.5,0.0,0.5,all
46,0.0036968576709796672,,2025-07-31,0.09090909090909091,444,ofac_only,LGBM,541,2,False,0.016024204392649035,0.01,0.0,0.02,0.5,0.0,0.5,b1
,0.0,,2025-07-31,0.2358490566037736,444,ofac_only,LGBM,212,0,False,,0.0,0.0,0.0,,,,first_seen
1678,0.010167029774872912,,2025-08-31,0.018341892883345562,438,union,B0_random,2754,28,False,0.008218346087426625,0.0,0.0,0.0,0.0,0.0,0.0,all
314,0.04735883424408015,,2025-08-31,0.09369024856596558,438,union,B0_random,549,26,False,0.04024151500185329,0.03,0.0,0.02,0.11538461538461539,0.0,0.038461538461538464,b1
,0.0,,2025-08-31,0.26737967914438504,438,union,B0_random,187,0,False,,0.0,0.0,0.0,,,,first_seen
224,0.010167029774872912,,2025-08-31,0.017241379310344827,438,union,B1_russia_port,2754,28,False,0.04470227678199392,0.05,0.08,0.06,0.17857142857142858,0.07142857142857142,0.10714285714285714,all
163,0.04735883424408015,,2025-08-31,0.08986615678776291,438,union,B1_russia_port,549,26,False,0.04735883424408015,0.05,0.08,0.06,0.19230769230769232,0.07692307692307693,0.11538461538461539,b1
,0.0,,2025-08-31,0.26737967914438504,438,union,B1_russia_port,187,0,False,,0.0,0.0,0.0,,,,first_seen
341,0.010167029774872912,,2025-08-31,0.01760821716801174,438,union,B2_weighted,2754,28,False,0.049122439852159264,0.07,0.04,0.04,0.25,0.03571428571428571,0.07142857142857142,all
272,0.04735883424408015,,2025-08-31,0.09177820267686425,438,union,B2_weighted,549,26,False,0.052951326804397514,0.07,0.04,0.04,0.2692307692307692,0.038461538461538464,0.07692307692307693,b1
,0.0,,2025-08-31,0.26737967914438504,438,union,B2_weighted,187,0,False,,0.0,0.0,0.0,,,,first_seen
373,0.010167029774872912,,2025-08-31,0.016874541452677916,438,union,ISO_forest,2754,28,False,0.04944478113727186,0.08,0.04,0.08,0.2857142857142857,0.03571428571428571,0.14285714285714285,all
127,0.04735883424408015,,2025-08-31,0.08030592734225621,438,union,ISO_forest,549,26,False,0.11374647504196188,0.1,0.12,0.16,0.38461538461538464,0.11538461538461539,0.3076923076923077,b1
,0.0,,2025-08-31,0.26737967914438504,438,union,ISO_forest,187,0,False,,0.0,0.0,0.0,,,,first_seen
97,0.010167029774872912,0.10428912092139433,2025-08-31,0.01504035216434336,438,union,B3_logistic,2754,28,False,0.11093580296507169,0.14,0.12,0.18,0.5,0.10714285714285714,0.32142857142857145,all
79,0.04735883424408015,0.3891366713655814,2025-08-31,0.07648183556405354,438,union,B3_logistic,549,26,False,0.1404680035447083,0.15,0.16,0.2,0.5769230769230769,0.15384615384615385,0.38461538461538464,b1
,0.0,0.07258602239980785,2025-08-31,0.26737967914438504,438,union,B3_logistic,187,0,False,,0.0,0.0,0.0,,,,first_seen
102,0.010167029774872912,,2025-08-31,0.016140865737344093,438,union,LGBM,2754,28,False,0.11472863048455328,0.13,0.16,0.12,0.4642857142857143,0.14285714285714285,0.21428571428571427,all
95,0.04735883424408015,,2025-08-31,0.0841300191204589,438,union,LGBM,549,26,False,0.1261636199915867,0.14,0.16,0.12,0.5384615384615384,0.15384615384615385,0.23076923076923078,b1
,0.0,,2025-08-31,0.26737967914438504,438,union,LGBM,187,0,False,,0.0,0.0,0.0,,,,first_seen
2427,0.0010893246187363835,,2025-08-31,0.01817520901490367,438,ofac_only,B0_random,2754,3,False,0.0009136091772649038,0.0,0.0,0.0,0.0,0.0,0.0,all
466,0.00546448087431694,,2025-08-31,0.09157509157509157,438,ofac_only,B0_random,549,3,False,0.004762606226573156,0.0,0.0,0.0,0.0,0.0,0.0,b1
,0.0,,2025-08-31,0.26737967914438504,438,ofac_only,B0_random,187,0,False,,0.0,0.0,0.0,,,,first_seen
224,0.0010893246187363835,,2025-08-31,0.01817520901490367,438,ofac_only,B1_russia_port,2754,3,False,0.00546448087431694,0.0,0.0,0.0,0.0,0.0,0.0,all
224,0.00546448087431694,,2025-08-31,0.09157509157509157,438,ofac_only,B1_russia_port,549,3,False,0.00546448087431694,0.0,0.0,0.0,0.0,0.0,0.0,b1
,0.0,,2025-08-31,0.26737967914438504,438,ofac_only,B1_russia_port,187,0,False,,0.0,0.0,0.0,,,,first_seen
395,0.0010893246187363835,,2025-08-31,0.01817520901490367,438,ofac_only,B2_weighted,2754,3,False,0.004509963364198341,0.0,0.0,0.0,0.0,0.0,0.0,all
393,0.00546448087431694,,2025-08-31,0.09157509157509157,438,ofac_only,B2_weighted,549,3,False,0.004638012125166517,0.0,0.0,0.0,0.0,0.0,0.0,b1
,0.0,,2025-08-31,0.26737967914438504,438,ofac_only,B2_weighted,187,0,False,,0.0,0.0,0.0,,,,first_seen
353,0.0010893246187363835,,2025-08-31,0.01817520901490367,438,ofac_only,ISO_forest,2754,3,False,0.00442029269631532,0.0,0.0,0.0,0.0,0.0,0.0,all
127,0.00546448087431694,,2025-08-31,0.09157509157509157,438,ofac_only,ISO_forest,549,3,False,0.011990203729376085,0.01,0.0,0.0,0.3333333333333333,0.0,0.0,b1
,0.0,,2025-08-31,0.26737967914438504,438,ofac_only,ISO_forest,187,0,False,,0.0,0.0,0.0,,,,first_seen
460,0.0010893246187363835,0.08007320527257585,2025-08-31,0.017811704834605598,438,ofac_only,B3_logistic,2754,3,False,0.01801625376135831,0.01,0.04,0.02,0.3333333333333333,0.3333333333333333,0.3333333333333333,all
309,0.00546448087431694,0.2802932399609903,2025-08-31,0.08974358974358974,438,ofac_only,B3_logistic,549,3,False,0.02496711522144194,0.01,0.04,0.02,0.3333333333333333,0.3333333333333333,0.3333333333333333,b1
,0.0,0.06990984162762569,2025-08-31,0.26737967914438504,438,ofac_only,B3_logistic,187,0,False,,0.0,0.0,0.0,,,,first_seen
228,0.0010893246187363835,,2025-08-31,0.017811704834605598,438,ofac_only,LGBM,2754,3,False,0.034039354596026535,0.01,0.04,0.02,0.3333333333333333,0.3333333333333333,0.3333333333333333,all
213,0.00546448087431694,,2025-08-31,0.08974358974358974,438,ofac_only,LGBM,549,3,False,0.035432920756864425,0.01,0.04,0.02,0.3333333333333333,0.3333333333333333,0.3333333333333333,b1
,0.0,,2025-08-31,0.26737967914438504,438,ofac_only,LGBM,187,0,False,,0.0,0.0,0.0,,,,first_seen
1413,0.009775524981897175,,2025-09-30,0.017915904936014627,458,union,B0_random,2762,27,False,0.0159132026058074,0.02,0.04,0.02,0.07407407407407407,0.037037037037037035,0.037037037037037035,all
263,0.04664179104477612,,2025-09-30,0.09393346379647749,458,union,B0_random,536,25,False,0.07122744452888016,0.04,0.08,0.04,0.16,0.08,0.08,b1
103,0.005494505494505495,,2025-09-30,0.27624309392265195,458,union,B0_random,182,1,False,0.009708737864077669,0.0,0.0,0.0,0.0,0.0,0.0,first_seen
210,0.009775524981897175,,2025-09-30,0.016819012797074956,458,union,B1_russia_port,2762,27,False,0.0439109565215999,0.06,0.08,0.08,0.2222222222222222,0.07407407407407407,0.14814814814814814,all
152,0.04664179104477612,,2025-09-30,0.09001956947162426,458,union,B1_russia_port,536,25,False,0.04664179104477612,0.06,0.08,0.08,0.24,0.08,0.16,b1
2,0.005494505494505495,,2025-09-30,0.27071823204419887,458,union,B1_russia_port,182,1,False,0.034482758620689655,0.01,0.04,0.02,1.0,1.0,1.0,first_seen
339,0.009775524981897175,,2025-09-30,0.016819012797074956,458,union,B2_weighted,2762,27,False,0.04148445814885989,0.05,0.04,0.08,0.18518518518518517,0.037037037037037035,0.14814814814814814,all
336,0.04664179104477612,,2025-09-30,0.09001956947162426,458,union,B2_weighted,536,25,False,0.04452167732764748,0.05,0.04,0.08,0.2,0.04,0.16,b1
11,0.005494505494505495,,2025-09-30,0.27071823204419887,458,union,B2_weighted,182,1,False,0.034482758620689655,0.01,0.04,0.02,1.0,1.0,1.0,first_seen
426,0.009775524981897175,,2025-09-30,0.017184643510054845,458,union,ISO_forest,2762,27,False,0.03599756389157402,0.07,0.0,0.06,0.25925925925925924,0.0,0.1111111111111111,all
137,0.04664179104477612,,2025-09-30,0.08414872798434442,458,union,ISO_forest,536,25,False,0.09579831219479208,0.07,0.12,0.14,0.28,0.12,0.28,b1
3,0.005494505494505495,,2025-09-30,0.27071823204419887,458,union,ISO_forest,182,1,False,0.3333333333333333,0.01,0.04,0.02,1.0,1.0,1.0,first_seen
83,0.009775524981897175,0.10365421883540811,2025-09-30,0.014625228519195612,458,union,B3_logistic,2762,27,False,0.1403697967462681,0.17,0.12,0.2,0.6296296296296297,0.1111111111111111,0.37037037037037035,all
65,0.04664179104477612,0.38604615423415495,2025-09-30,0.08023483365949119,458,union,B3_logistic,536,25,False,0.16171908280230904,0.17,0.16,0.18,0.68,0.16,0.36,b1
2,0.005494505494505495,0.09738418974488311,2025-09-30,0.27071823204419887,458,union,B3_logistic,182,1,False,0.5,0.01,0.04,0.02,1.0,1.0,1.0,first_seen
116,0.009775524981897175,,2025-09-30,0.016453382084095063,458,union,LGBM,2762,27,False,0.10483108569251372,0.11,0.12,0.1,0.4074074074074074,0.1111111111111111,0.18518518518518517,all
106,0.04664179104477612,,2025-09-30,0.08806262230919765,458,union,LGBM,536,25,False,0.11209135254009175,0.11,0.12,0.1,0.44,0.12,0.2,b1
2,0.005494505494505495,,2025-09-30,0.27071823204419887,458,union,LGBM,182,1,False,0.5,0.01,0.04,0.02,1.0,1.0,1.0,first_seen
1591,0.0010861694424330196,,2025-09-30,0.01812250815512867,458,ofac_only,B0_random,2762,3,False,0.0014735430107420673,0.0,0.0,0.0,0.0,0.0,0.0,all
294,0.005597014925373134,,2025-09-30,0.09380863039399624,458,ofac_only,B0_random,536,3,False,0.007655504730627883,0.01,0.0,0.0,0.3333333333333333,0.0,0.0,b1
,0.0,,2025-09-30,0.27472527472527475,458,ofac_only,B0_random,182,0,False,,0.0,0.0,0.0,,,,first_seen
210,0.0010861694424330196,,2025-09-30,0.01812250815512867,458,ofac_only,B1_russia_port,2762,3,False,0.005597014925373134,0.0,0.0,0.0,0.0,0.0,0.0,all
210,0.005597014925373134,,2025-09-30,0.09380863039399624,458,ofac_only,B1_russia_port,536,3,False,0.005597014925373134,0.0,0.0,0.0,0.0,0.0,0.0,b1
,0.0,,2025-09-30,0.27472527472527475,458,ofac_only,B1_russia_port,182,0,False,,0.0,0.0,0.0,,,,first_seen
380,0.0010861694424330196,,2025-09-30,0.01812250815512867,458,ofac_only,B2_weighted,2762,3,False,0.004620209313350108,0.0,0.0,0.0,0.0,0.0,0.0,all
379,0.005597014925373134,,2025-09-30,0.09380863039399624,458,ofac_only,B2_weighted,536,3,False,0.0047414442936831,0.0,0.0,0.0,0.0,0.0,0.0,b1
,0.0,,2025-09-30,0.27472527472527475,458,ofac_only,B2_weighted,182,0,False,,0.0,0.0,0.0,,,,first_seen
396,0.0010861694424330196,,2025-09-30,0.01812250815512867,458,ofac_only,ISO_forest,2762,3,False,0.0033954849290056036,0.0,0.0,0.0,0.0,0.0,0.0,all
133,0.005597014925373134,,2025-09-30,0.09380863039399624,458,ofac_only,ISO_forest,536,3,False,0.010423576480326558,0.0,0.0,0.0,0.0,0.0,0.0,b1
,0.0,,2025-09-30,0.27472527472527475,458,ofac_only,ISO_forest,182,0,False,,0.0,0.0,0.0,,,,first_seen
561,0.0010861694424330196,0.07982840989480171,2025-09-30,0.017760057992026096,458,ofac_only,B3_logistic,2762,3,False,0.009960283954092004,0.01,0.0,0.02,0.3333333333333333,0.0,0.3333333333333333,all
343,0.005597014925373134,0.28467515756957995,2025-09-30,0.09193245778611632,458,ofac_only,B3_logistic,536,3,False,0.015042817278383473,0.01,0.0,0.02,0.3333333333333333,0.0,0.3333333333333333,b1
,0.0,0.11402837122587034,2025-09-30,0.27472527472527475,458,ofac_only,B3_logistic,182,0,False,,0.0,0.0,0.0,,,,first_seen
172,0.0010861694424330196,,2025-09-30,0.01812250815512867,458,ofac_only,LGBM,2762,3,False,0.01006625485879292,0.01,0.0,0.0,0.3333333333333333,0.0,0.0,all
163,0.005597014925373134,,2025-09-30,0.09380863039399624,458,ofac_only,LGBM,536,3,False,0.011523936804848034,0.01,0.0,0.0,0.3333333333333333,0.0,0.0,b1
,0.0,,2025-09-30,0.27472527472527475,458,ofac_only,LGBM,182,0,False,,0.0,0.0,0.0,,,,first_seen
1588,0.006901561932437341,,2025-10-31,0.018288222384784197,459,union,B0_random,2753,19,False,0.006018199016588602,0.0,0.0,0.0,0.0,0.0,0.0,all
286,0.03495145631067961,,2025-10-31,0.09859154929577464,459,union,B0_random,515,18,False,0.03127134367536037,0.02,0.0,0.02,0.1111111111111111,0.0,0.05555555555555555,b1
,0.0,,2025-10-31,0.2824858757062147,459,union,B0_random,177,0,False,,0.0,0.0,0.0,,,,first_seen
163,0.006901561932437341,,2025-10-31,0.018288222384784197,459,union,B1_russia_port,2753,19,False,0.03347514608024581,0.04,0.0,0.0,0.21052631578947367,0.0,0.0,all
145,0.03495145631067961,,2025-10-31,0.1006036217303823,459,union,B1_russia_port,515,18,False,0.03495145631067961,0.04,0.0,0.0,0.2222222222222222,0.0,0.0,b1
,0.0,,2025-10-31,0.2824858757062147,459,union,B1_russia_port,177,0,False,,0.0,0.0,0.0,,,,first_seen
187,0.006901561932437341,,2025-10-31,0.017190929041697146,459,union,B2_weighted,2753,19,False,0.038568650581508414,0.03,0.08,0.06,0.15789473684210525,0.10526315789473684,0.15789473684210525,all
175,0.03495145631067961,,2025-10-31,0.09456740442655935,459,union,B2_weighted,515,18,False,0.04056697417861529,0.03,0.08,0.06,0.16666666666666666,0.1111111111111111,0.16666666666666666,b1
,0.0,,2025-10-31,0.2824858757062147,459,union,B2_weighted,177,0,False,,0.0,0.0,0.0,,,,first_seen
356,0.006901561932437341,,2025-10-31,0.017922457937088514,459,union,ISO_forest,2753,19,False,0.025134178941914484,0.04,0.0,0.02,0.21052631578947367,0.0,0.05263157894736842,all
114,0.03495145631067961,,2025-10-31,0.0925553319919517,459,union,ISO_forest,515,18,False,0.06769882114096533,0.07,0.12,0.08,0.3888888888888889,0.16666666666666666,0.2222222222222222,b1
,0.0,,2025-10-31,0.2824858757062147,459,union,ISO_forest,177,0,False,,0.0,0.0,0.0,,,,first_seen
121,0.006901561932437341,0.10001084276444759,2025-10-31,0.016825164594001463,459,union,B3_logistic,2753,19,False,0.07370937115984214,0.08,0.08,0.08,0.42105263157894735,0.10526315789473684,0.21052631578947367,all
83,0.03495145631067961,0.38694153763420525,2025-10-31,0.0925553319919517,459,union,B3_logistic,515,18,False,0.08844543013177691,0.11,0.08,0.08,0.6111111111111112,0.1111111111111111,0.2222222222222222,b1
,0.0,0.09707121313809844,2025-10-31,0.2824858757062147,459,union,B3_logistic,177,0,False,,0.0,0.0,0.0,,,,first_seen
66,0.006901561932437341,,2025-10-31,0.01572787125091441,459,union,LGBM,2753,19,False,0.17191546842613123,0.11,0.16,0.14,0.5789473684210527,0.21052631578947367,0.3684210526315789,all
62,0.03495145631067961,,2025-10-31,0.08651911468812877,459,union,LGBM,515,18,False,0.1833619493164249,0.11,0.16,0.14,0.6111111111111112,0.2222222222222222,0.3888888888888889,b1
,0.0,,2025-10-31,0.2824858757062147,459,union,LGBM,177,0,False,,0.0,0.0,0.0,,,,first_seen
1933,0.0032691609153650564,,2025-10-31,0.018221574344023325,459,ofac_only,B0_random,2753,9,False,0.002388575138809838,0.0,0.0,0.0,0.0,0.0,0.0,all
351,0.015533980582524271,,2025-10-31,0.09861932938856016,459,ofac_only,B0_random,515,8,False,0.011747914062061134,0.0,0.0,0.0,0.0,0.0,0.0,b1
,0.0,,2025-10-31,0.2824858757062147,459,ofac_only,B0_random,177,0,False,,0.0,0.0,0.0,,,,first_seen
201,0.0032691609153650564,,2025-10-31,0.018221574344023325,459,ofac_only,B1_russia_port,2753,9,False,0.014171222841728802,0.01,0.0,0.0,0.1111111111111111,0.0,0.0,all
163,0.015533980582524271,,2025-10-31,0.09861932938856016,459,ofac_only,B1_russia_port,515,8,False,0.015533980582524271,0.01,0.0,0.0,0.125,0.0,0.0,b1
,0.0,,2025-10-31,0.2824858757062147,459,ofac_only,B1_russia_port,177,0,False,,0.0,0.0,0.0,,,,first_seen
347,0.0032691609153650564,,2025-10-31,0.017857142857142856,459,ofac_only,B2_weighted,2753,9,False,0.013124036541885608,0.01,0.0,0.02,0.1111111111111111,0.0,0.1111111111111111,all
207,0.015533980582524271,,2025-10-31,0.09664694280078895,459,ofac_only,B2_weighted,515,8,False,0.014547128710705239,0.01,0.0,0.02,0.125,0.0,0.125,b1
,0.0,,2025-10-31,0.2824858757062147,459,ofac_only,B2_weighted,177,0,False,,0.0,0.0,0.0,,,,first_seen
435,0.0032691609153650564,,2025-10-31,0.018221574344023325,459,ofac_only,ISO_forest,2753,9,False,0.00862974968433671,0.0,0.0,0.0,0.0,0.0,0.0,all
138,0.015533980582524271,,2025-10-31,0.09861932938856016,459,ofac_only,ISO_forest,515,8,False,0.022632679744775435,0.02,0.0,0.0,0.25,0.0,0.0,b1
,0.0,,2025-10-31,0.2824858757062147,459,ofac_only,ISO_forest,177,0,False,,0.0,0.0,0.0,,,,first_seen
161,0.0032691609153650564,0.07494385508350955,2025-10-31,0.01749271137026239,459,ofac_only,B3_logistic,2753,9,False,0.03268378514293005,0.03,0.08,0.04,0.3333333333333333,0.2222222222222222,0.2222222222222222,all
107,0.015533980582524271,0.2779813779495312,2025-10-31,0.09467455621301775,459,ofac_only,B3_logistic,515,8,False,0.04300954243082696,0.03,0.08,0.04,0.375,0.25,0.25,b1
,0.0,0.09856629735675124,2025-10-31,0.2824858757062147,459,ofac_only,B3_logistic,177,0,False,,0.0,0.0,0.0,,,,first_seen
188,0.0032691609153650564,,2025-10-31,0.017857142857142856,459,ofac_only,LGBM,2753,9,False,0.07611990223971121,0.02,0.04,0.02,0.2222222222222222,0.1111111111111111,0.1111111111111111,all
144,0.015533980582524271,,2025-10-31,0.09664694280078895,459,ofac_only,LGBM,515,8,False,0.08587591898793002,0.02,0.04,0.02,0.25,0.125,0.125,b1
,0.0,,2025-10-31,0.2824858757062147,459,ofac_only,LGBM,177,0,False,,0.0,0.0,0.0,,,,first_seen
2199,0.006319702602230483,,2025-11-30,0.01833146277590722,422,union,B0_random,2690,17,False,0.010095660901412177,0.01,0.04,0.02,0.058823529411764705,0.058823529411764705,0.058823529411764705,all
272,0.029585798816568046,,2025-11-30,0.09959349593495935,422,union,B0_random,507,15,False,0.05670527439687484,0.01,0.04,0.02,0.06666666666666667,0.06666666666666667,0.06666666666666667,b1
,0.0,,2025-11-30,0.3048780487804878,422,union,B0_random,164,0,False,,0.0,0.0,0.0,,,,first_seen
164,0.006319702602230483,,2025-11-30,0.01870557426112982,422,union,B1_russia_port,2690,17,False,0.02684861102664598,0.02,0.0,0.0,0.11764705882352941,0.0,0.0,all
153,0.029585798816568046,,2025-11-30,0.1016260162601626,422,union,B1_russia_port,507,15,False,0.029585798816568046,0.02,0.0,0.0,0.13333333333333333,0.0,0.0,b1
,0.0,,2025-11-30,0.3048780487804878,422,union,B1_russia_port,164,0,False,,0.0,0.0,0.0,,,,first_seen
208,0.006319702602230483,,2025-11-30,0.017583239805462027,422,union,B2_weighted,2690,17,False,0.030666247176195833,0.03,0.08,0.06,0.17647058823529413,0.11764705882352941,0.17647058823529413,all
198,0.029585798816568046,,2025-11-30,0.09552845528455285,422,union,B2_weighted,507,15,False,0.033862232760190354,0.03,0.08,0.06,0.2,0.13333333333333333,0.2,b1
,0.0,,2025-11-30,0.3048780487804878,422,union,B2_weighted,164,0,False,,0.0,0.0,0.0,,,,first_seen
669,0.006319702602230483,,2025-11-30,0.017583239805462027,422,union,ISO_forest,2690,17,False,0.02385790867097494,0.04,0.0,0.06,0.23529411764705882,0.0,0.17647058823529413,all
139,0.029585798816568046,,2025-11-30,0.09349593495934959,422,union,ISO_forest,507,15,False,0.06944527693394748,0.06,0.16,0.08,0.4,0.26666666666666666,0.26666666666666666,b1
,0.0,,2025-11-30,0.3048780487804878,422,union,ISO_forest,164,0,False,,0.0,0.0,0.0,,,,first_seen
186,0.006319702602230483,0.10400316119521219,2025-11-30,0.017957351290684626,422,union,B3_logistic,2690,17,False,0.052289325417595615,0.07,0.04,0.04,0.4117647058823529,0.058823529411764705,0.11764705882352941,all
153,0.029585798816568046,0.4040653876863463,2025-11-30,0.09349593495934959,422,union,B3_logistic,507,15,False,0.06243403588552976,0.07,0.04,0.08,0.4666666666666667,0.06666666666666667,0.26666666666666666,b1
,0.0,0.10283863212518282,2025-11-30,0.3048780487804878,422,union,B3_logistic,164,0,False,,0.0,0.0,0.0,,,,first_seen
101,0.006319702602230483,,2025-11-30,0.016835016835016835,422,union,LGBM,2690,17,False,0.13750519696541905,0.08,0.12,0.1,0.47058823529411764,0.17647058823529413,0.29411764705882354,all
83,0.029585798816568046,,2025-11-30,0.09146341463414634,422,union,LGBM,507,15,False,0.14878152540301992,0.09,0.12,0.1,0.6,0.2,0.3333333333333333,b1
,0.0,,2025-11-30,0.3048780487804878,422,union,LGBM,164,0,False,,0.0,0.0,0.0,,,,first_seen
1386,0.002973977695167286,,2025-11-30,0.018269947800149143,422,ofac_only,B0_random,2690,8,False,0.013496826964457934,0.01,0.04,0.02,0.125,0.125,0.125,all
272,0.013806706114398421,,2025-11-30,0.098,422,ofac_only,B0_random,507,7,False,0.08171439255045401,0.01,0.04,0.02,0.14285714285714285,0.14285714285714285,0.14285714285714285,b1
,0.0,,2025-11-30,0.3048780487804878,422,ofac_only,B0_random,164,0,False,,0.0,0.0,0.0,,,,first_seen
164,0.002973977695167286,,2025-11-30,0.018642803877703208,422,ofac_only,B1_russia_port,2690,8,False,0.01245261506199453,0.01,0.0,0.0,0.125,0.0,0.0,all
164,0.013806706114398421,,2025-11-30,0.1,422,ofac_only,B1_russia_port,507,7,False,0.013806706114398421,0.01,0.0,0.0,0.14285714285714285,0.0,0.0,b1
,0.0,,2025-11-30,0.3048780487804878,422,ofac_only,B1_russia_port,164,0,False,,0.0,0.0,0.0,,,,first_seen
339,0.002973977695167286,,2025-11-30,0.018269947800149143,422,ofac_only,B2_weighted,2690,8,False,0.011678746090129435,0.01,0.0,0.02,0.125,0.0,0.125,all
339,0.013806706114398421,,2025-11-30,0.098,422,ofac_only,B2_weighted,507,7,False,0.013134287597171272,0.01,0.0,0.02,0.14285714285714285,0.0,0.14285714285714285,b1
,0.0,,2025-11-30,0.3048780487804878,422,ofac_only,B2_weighted,164,0,False,,0.0,0.0,0.0,,,,first_seen
669,0.002973977695167286,,2025-11-30,0.018642803877703208,422,ofac_only,ISO_forest,2690,8,False,0.006799027699336022,0.0,0.0,0.0,0.0,0.0,0.0,all
211,0.013806706114398421,,2025-11-30,0.1,422,ofac_only,ISO_forest,507,7,False,0.02033733067517902,0.02,0.0,0.0,0.2857142857142857,0.0,0.0,b1
,0.0,,2025-11-30,0.3048780487804878,422,ofac_only,ISO_forest,164,0,False,,0.0,0.0,0.0,,,,first_seen
118,0.002973977695167286,0.0783647268208701,2025-11-30,0.018269947800149143,422,ofac_only,B3_logistic,2690,8,False,0.027879617953816976,0.03,0.04,0.02,0.375,0.125,0.125,all
167,0.013806706114398421,0.29601915991861266,2025-11-30,0.098,422,ofac_only,B3_logistic,507,7,False,0.03326523015246779,0.03,0.04,0.02,0.42857142857142855,0.14285714285714285,0.14285714285714285,b1
,0.0,0.11139562929509945,2025-11-30,0.3048780487804878,422,ofac_only,B3_logistic,164,0,False,,0.0,0.0,0.0,,,,first_seen
118,0.002973977695167286,,2025-11-30,0.018269947800149143,422,ofac_only,LGBM,2690,8,False,0.04165791255107466,0.03,0.04,0.02,0.375,0.125,0.125,all
117,0.013806706114398421,,2025-11-30,0.096,422,ofac_only,LGBM,507,7,False,0.045621761368712585,0.03,0.04,0.04,0.42857142857142855,0.14285714285714285,0.2857142857142857,b1
,0.0,,2025-11-30,0.3048780487804878,422,ofac_only,LGBM,164,0,False,,0.0,0.0,0.0,,,,first_seen
1723,0.004807692307692308,,2025-12-31,0.01858045336306206,415,union,B0_random,2704,13,False,0.004047995632814045,0.0,0.0,0.0,0.0,0.0,0.0,all
325,0.02574257425742574,,2025-12-31,0.09959349593495935,415,union,B0_random,505,13,False,0.021829611051680204,0.02,0.0,0.02,0.15384615384615385,0.0,0.07692307692307693,b1
,0.0,,2025-12-31,0.2604166666666667,415,union,B0_random,192,0,False,,0.0,0.0,0.0,,,,first_seen
159,0.004807692307692308,,2025-12-31,0.01858045336306206,415,union,B1_russia_port,2704,13,False,0.02574257425742574,0.02,0.0,0.0,0.15384615384615385,0.0,0.0,all
159,0.02574257425742574,,2025-12-31,0.1016260162601626,415,union,B1_russia_port,505,13,False,0.02574257425742574,0.02,0.0,0.0,0.15384615384615385,0.0,0.0,b1
,0.0,,2025-12-31,0.2604166666666667,415,union,B1_russia_port,192,0,False,,0.0,0.0,0.0,,,,first_seen
169,0.004807692307692308,,2025-12-31,0.017465626161278336,415,union,B2_weighted,2704,13,False,0.03209198675460561,0.03,0.08,0.06,0.23076923076923078,0.15384615384615385,0.23076923076923078,all
169,0.02574257425742574,,2025-12-31,0.09552845528455285,415,union,B2_weighted,505,13,False,0.032303054372995355,0.03,0.08,0.06,0.23076923076923078,0.15384615384615385,0.23076923076923078,b1
,0.0,,2025-12-31,0.2604166666666667,415,union,B2_weighted,192,0,False,,0.0,0.0,0.0,,,,first_seen
603,0.004807692307692308,,2025-12-31,0.01858045336306206,415,union,ISO_forest,2704,13,False,0.0166095382015979,0.03,0.0,0.0,0.23076923076923078,0.0,0.0,all
180,0.02574257425742574,,2025-12-31,0.09552845528455285,415,union,ISO_forest,505,13,False,0.05265922147760985,0.05,0.12,0.06,0.38461538461538464,0.23076923076923078,0.23076923076923078,b1
,0.0,,2025-12-31,0.2604166666666667,415,union,ISO_forest,192,0,False,,0.0,0.0,0.0,,,,first_seen
185,0.004807692307692308,0.1047569273021133,2025-12-31,0.017465626161278336,415,union,B3_logistic,2704,13,False,0.04616774790187876,0.04,0.04,0.06,0.3076923076923077,0.07692307692307693,0.23076923076923078,all
157,0.02574257425742574,0.41441061780699834,2025-12-31,0.09552845528455285,415,union,B3_logistic,505,13,False,0.0535874144133819,0.04,0.04,0.06,0.3076923076923077,0.07692307692307693,0.23076923076923078,b1
,0.0,0.09036253938348147,2025-12-31,0.2604166666666667,415,union,B3_logistic,192,0,False,,0.0,0.0,0.0,,,,first_seen
76,0.004807692307692308,,2025-12-31,0.016722408026755852,415,union,LGBM,2704,13,False,0.10509571040969613,0.08,0.16,0.1,0.6153846153846154,0.3076923076923077,0.38461538461538464,all
74,0.02574257425742574,,2025-12-31,0.09146341463414634,415,union,LGBM,505,13,False,0.10696736088997898,0.08,0.16,0.1,0.6153846153846154,0.3076923076923077,0.38461538461538464,b1
,0.0,,2025-12-31,0.2604166666666667,415,union,LGBM,192,0,False,,0.0,0.0,0.0,,,,first_seen
1716,0.0025887573964497044,,2025-12-31,0.01853911753800519,415,ofac_only,B0_random,2704,7,False,0.002567330105374608,0.0,0.0,0.0,0.0,0.0,0.0,all
323,0.013861386138613862,,2025-12-31,0.10040160642570281,415,ofac_only,B0_random,505,7,False,0.013677359146245079,0.01,0.0,0.0,0.14285714285714285,0.0,0.0,b1
,0.0,,2025-12-31,0.2604166666666667,415,ofac_only,B0_random,192,0,False,,0.0,0.0,0.0,,,,first_seen
169,0.0025887573964497044,,2025-12-31,0.01853911753800519,415,ofac_only,B1_russia_port,2704,7,False,0.013861386138613862,0.01,0.0,0.0,0.14285714285714285,0.0,0.0,all
169,0.013861386138613862,,2025-12-31,0.10040160642570281,415,ofac_only,B1_russia_port,505,7,False,0.013861386138613862,0.01,0.0,0.0,0.14285714285714285,0.0,0.0,b1
,0.0,,2025-12-31,0.2604166666666667,415,ofac_only,B1_russia_port,192,0,False,,0.0,0.0,0.0,,,,first_seen
194,0.0025887573964497044,,2025-12-31,0.018168335187245088,415,ofac_only,B2_weighted,2704,7,False,0.014107911465651674,0.01,0.0,0.02,0.14285714285714285,0.0,0.14285714285714285,all
194,0.013861386138613862,,2025-12-31,0.09839357429718876,415,ofac_only,B2_weighted,505,7,False,0.014234552036685524,0.01,0.0,0.02,0.14285714285714285,0.0,0.14285714285714285,b1
,0.0,,2025-12-31,0.2604166666666667,415,ofac_only,B2_weighted,192,0,False,,0.0,0.0,0.0,,,,first_seen
603,0.0025887573964497044,,2025-12-31,0.01853911753800519,415,ofac_only,ISO_forest,2704,7,False,0.006614024116142078,0.0,0.0,0.0,0.0,0.0,0.0,all
180,0.013861386138613862,,2025-12-31,0.10040160642570281,415,ofac_only,ISO_forest,505,7,False,0.021656136827592452,0.02,0.0,0.0,0.2857142857142857,0.0,0.0,b1
,0.0,,2025-12-31,0.2604166666666667,415,ofac_only,ISO_forest,192,0,False,,0.0,0.0,0.0,,,,first_seen
420,0.0025887573964497044,0.08045658696685909,2025-12-31,0.018168335187245088,415,ofac_only,B3_logistic,2704,7,False,0.024451647184120618,0.02,0.04,0.02,0.2857142857142857,0.14285714285714285,0.14285714285714285,all
311,0.013861386138613862,0.30797674152158483,2025-12-31,0.09839357429718876,415,ofac_only,B3_logistic,505,7,False,0.030681099977102787,0.02,0.04,0.02,0.2857142857142857,0.14285714285714285,0.14285714285714285,b1
,0.0,0.0861517981552895,2025-12-31,0.2604166666666667,415,ofac_only,B3_logistic,192,0,False,,0.0,0.0,0.0,,,,first_seen
148,0.0025887573964497044,,2025-12-31,0.018168335187245088,415,ofac_only,LGBM,2704,7,False,0.022087203845013285,0.03,0.0,0.02,0.42857142857142855,0.0,0.14285714285714285,all
141,0.013861386138613862,,2025-12-31,0.09839357429718876,415,ofac_only,LGBM,505,7,False,0.02497283292333999,0.03,0.0,0.02,0.42857142857142855,0.0,0.14285714285714285,b1
,0.0,,2025-12-31,0.2604166666666667,415,ofac_only,LGBM,192,0,False,,0.0,0.0,0.0,,,,first_seen
680,0.007156308851224105,,2026-01-31,0.01858877086494689,387,union,B0_random,2655,19,False,0.016083323112352,0.03,0.0,0.02,0.15789473684210525,0.0,0.05263157894736842,all
125,0.034482758620689655,,2026-01-31,0.08928571428571429,387,union,B0_random,522,18,False,0.07762659543956575,0.07,0.12,0.1,0.3888888888888889,0.16666666666666666,0.2777777777777778,b1
9,0.0125,,2026-01-31,0.310126582278481,387,union,B0_random,160,2,False,0.06432748538011696,0.01,0.04,0.02,0.5,0.5,0.5,first_seen
146,0.007156308851224105,,2026-01-31,0.01858877086494689,387,union,B1_russia_port,2655,19,False,0.03304452442229673,0.05,0.0,0.02,0.2631578947368421,0.0,0.05263157894736842,all
131,0.034482758620689655,,2026-01-31,0.09722222222222222,387,union,B1_russia_port,522,18,False,0.034482758620689655,0.05,0.0,0.02,0.2777777777777778,0.0,0.05555555555555555,b1
4,0.0125,,2026-01-31,0.3037974683544304,387,union,B1_russia_port,160,2,False,0.07407407407407407,0.02,0.08,0.04,1.0,1.0,1.0,first_seen
163,0.007156308851224105,,2026-01-31,0.01707132018209408,387,union,B2_weighted,2655,19,False,0.06016434399858624,0.06,0.16,0.1,0.3157894736842105,0.21052631578947367,0.2631578947368421,all
144,0.034482758620689655,,2026-01-31,0.08928571428571429,387,union,B2_weighted,522,18,False,0.06338853444264153,0.06,0.16,0.1,0.3333333333333333,0.2222222222222222,0.2777777777777778,b1
10,0.0125,,2026-01-31,0.3037974683544304,387,union,B2_weighted,160,2,False,0.07407407407407407,0.02,0.08,0.04,1.0,1.0,1.0,first_seen
382,0.007156308851224105,,2026-01-31,0.017830045523520487,387,union,ISO_forest,2655,19,False,0.034103053524255925,0.05,0.08,0.06,0.2631578947368421,0.10526315789473684,0.15789473684210525,all
108,0.034482758620689655,,2026-01-31,0.08928571428571429,387,union,ISO_forest,522,18,False,0.14573867637706406,0.07,0.12,0.1,0.3888888888888889,0.16666666666666666,0.2777777777777778,b1
57,0.0125,,2026-01-31,0.31645569620253167,387,union,ISO_forest,160,2,False,0.024644945697577275,0.02,0.0,0.0,1.0,0.0,0.0,first_seen
166,0.007156308851224105,0.10922945012268515,2026-01-31,0.017830045523520487,387,union,B3_logistic,2655,19,False,0.06607561094970658,0.05,0.12,0.06,0.2631578947368421,0.15789473684210525,0.15789473684210525,all
133,0.034482758620689655,0.42368220937107126,2026-01-31,0.08928571428571429,387,union,B3_logistic,522,18,False,0.07568196109676466,0.06,0.12,0.1,0.3333333333333333,0.16666666666666666,0.2777777777777778,b1
8,0.0125,0.07954023021996766,2026-01-31,0.3037974683544304,387,union,B3_logistic,160,2,False,0.1534090909090909,0.02,0.08,0.04,1.0,1.0,1.0,first_seen
60,0.007156308851224105,,2026-01-31,0.015933232169954476,387,union,LGBM,2655,19,False,0.17171135579261423,0.11,0.12,0.16,0.5789473684210527,0.15789473684210525,0.42105263157894735,all
50,0.034482758620689655,,2026-01-31,0.08134920634920635,387,union,LGBM,522,18,False,0.18239428845921823,0.11,0.12,0.18,0.6111111111111112,0.16666666666666666,0.5,b1
1,0.0125,,2026-01-31,0.3037974683544304,387,union,LGBM,160,2,False,1.0,0.02,0.08,0.04,1.0,1.0,1.0,first_seen
680,0.0030131826741996233,,2026-01-31,0.018889308651303362,387,ofac_only,B0_random,2655,8,False,0.008273699082783517,0.02,0.0,0.0,0.25,0.0,0.0,all
138,0.01532567049808429,,2026-01-31,0.0933852140077821,387,ofac_only,B0_random,522,8,False,0.04001943580013208,0.03,0.08,0.04,0.375,0.25,0.25,b1
,0.0,,2026-01-31,0.3125,387,ofac_only,B0_random,160,0,False,,0.0,0.0,0.0,,,,first_seen
174,0.0030131826741996233,,2026-01-31,0.018889308651303362,387,ofac_only,B1_russia_port,2655,8,False,0.01532567049808429,0.01,0.0,0.0,0.125,0.0,0.0,all
174,0.01532567049808429,,2026-01-31,0.09727626459143969,387,ofac_only,B1_russia_port,522,8,False,0.01532567049808429,0.01,0.0,0.0,0.125,0.0,0.0,b1
,0.0,,2026-01-31,0.3125,387,ofac_only,B1_russia_port,160,0,False,,0.0,0.0,0.0,,,,first_seen
163,0.0030131826741996233,,2026-01-31,0.018511522478277295,387,ofac_only,B2_weighted,2655,8,False,0.016633092844057056,0.01,0.0,0.02,0.125,0.0,0.125,all
163,0.01532567049808429,,2026-01-31,0.09533073929961089,387,ofac_only,B2_weighted,522,8,False,0.016772742645324648,0.01,0.0,0.02,0.125,0.0,0.125,b1
,0.0,,2026-01-31,0.3125,387,ofac_only,B2_weighted,160,0,False,,0.0,0.0,0.0,,,,first_seen
382,0.0030131826741996233,,2026-01-31,0.018889308651303362,387,ofac_only,ISO_forest,2655,8,False,0.0066711491986489405,0.0,0.0,0.0,0.0,0.0,0.0,all
119,0.01532567049808429,,2026-01-31,0.09727626459143969,387,ofac_only,ISO_forest,522,8,False,0.0216518564624202,0.01,0.0,0.0,0.125,0.0,0.0,b1
,0.0,,2026-01-31,0.3125,387,ofac_only,ISO_forest,160,0,False,,0.0,0.0,0.0,,,,first_seen
297,0.0030131826741996233,0.08655090812792235,2026-01-31,0.018889308651303362,387,ofac_only,B3_logistic,2655,8,False,0.010737671897438246,0.0,0.0,0.0,0.0,0.0,0.0,all
246,0.01532567049808429,0.3311161377751228,2026-01-31,0.09727626459143969,387,ofac_only,B3_logistic,522,8,False,0.014656097486021851,0.0,0.0,0.0,0.0,0.0,0.0,b1
,0.0,0.08016720662702752,2026-01-31,0.3125,387,ofac_only,B3_logistic,160,0,False,,0.0,0.0,0.0,,,,first_seen
111,0.0030131826741996233,,2026-01-31,0.018889308651303362,387,ofac_only,LGBM,2655,8,False,0.02226776080161345,0.02,0.0,0.0,0.25,0.0,0.0,all
111,0.01532567049808429,,2026-01-31,0.09727626459143969,387,ofac_only,LGBM,522,8,False,0.023616053333791524,0.02,0.0,0.0,0.25,0.0,0.0,b1
,0.0,,2026-01-31,0.3125,387,ofac_only,LGBM,160,0,False,,0.0,0.0,0.0,,,,first_seen
793,0.006563706563706564,,2026-02-28,0.0194325689856199,342,union,B0_random,2590,17,False,0.008421686343503947,0.0,0.0,0.0,0.0,0.0,0.0,all
180,0.03300970873786408,,2026-02-28,0.10040160642570281,342,union,B0_random,515,17,False,0.039250154917922705,0.03,0.0,0.0,0.17647058823529413,0.0,0.0,b1
,0.0,,2026-02-28,0.352112676056338,342,union,B0_random,142,0,False,,0.0,0.0,0.0,,,,first_seen
158,0.006563706563706564,,2026-02-28,0.0194325689856199,342,union,B1_russia_port,2590,17,False,0.03300970873786408,0.03,0.0,0.0,0.17647058823529413,0.0,0.0,all
158,0.03300970873786408,,2026-02-28,0.10040160642570281,342,union,B1_russia_port,515,17,False,0.03300970873786408,0.03,0.0,0.0,0.17647058823529413,0.0,0.0,b1
,0.0,,2026-02-28,0.352112676056338,342,union,B1_russia_port,142,0,False,,0.0,0.0,0.0,,,,first_seen
128,0.006563706563706564,,2026-02-28,0.017100660707345512,342,union,B2_weighted,2590,17,False,0.07263230041411656,0.07,0.12,0.12,0.4117647058823529,0.17647058823529413,0.35294117647058826,all
128,0.03300970873786408,,2026-02-28,0.08835341365461848,342,union,B2_weighted,515,17,False,0.07287134130849726,0.07,0.12,0.12,0.4117647058823529,0.17647058823529413,0.35294117647058826,b1
,0.0,,2026-02-28,0.352112676056338,342,union,B2_weighted,142,0,False,,0.0,0.0,0.0,,,,first_seen
344,0.006563706563706564,,2026-02-28,0.01748931208705791,342,union,ISO_forest,2590,17,False,0.07031936422902352,0.06,0.12,0.1,0.35294117647058826,0.17647058823529413,0.29411764705882354,all
114,0.03300970873786408,,2026-02-28,0.08634538152610442,342,union,ISO_forest,515,17,False,0.2753237661033101,0.07,0.24,0.14,0.4117647058823529,0.35294117647058826,0.4117647058823529,b1
,0.0,,2026-02-28,0.352112676056338,342,union,ISO_forest,142,0,False,,0.0,0.0,0.0,,,,first_seen
213,0.006563706563706564,0.11459876347549358,2026-02-28,0.01748931208705791,342,union,B3_logistic,2590,17,False,0.0846042440782604,0.07,0.16,0.1,0.4117647058823529,0.23529411764705882,0.29411764705882354,all
186,0.03300970873786408,0.4488076760146903,2026-02-28,0.09036144578313253,342,union,B3_logistic,515,17,False,0.09084826055620912,0.07,0.16,0.1,0.4117647058823529,0.23529411764705882,0.29411764705882354,b1
,0.0,0.08073290321188081,2026-02-28,0.352112676056338,342,union,B3_logistic,142,0,False,,0.0,0.0,0.0,,,,first_seen
53,0.006563706563706564,,2026-02-28,0.016323357947920714,342,union,LGBM,2590,17,False,0.1299273969771014,0.11,0.12,0.16,0.6470588235294118,0.17647058823529413,0.47058823529411764,all
53,0.03300970873786408,,2026-02-28,0.08433734939759036,342,union,LGBM,515,17,False,0.1299928070753655,0.11,0.12,0.16,0.6470588235294118,0.17647058823529413,0.47058823529411764,b1
,0.0,,2026-02-28,0.352112676056338,342,union,LGBM,142,0,False,,0.0,0.0,0.0,,,,first_seen
1385,0.002702702702702703,,2026-02-28,0.019357336430507164,342,ofac_only,B0_random,2590,7,False,0.0028825385850243497,0.0,0.0,0.0,0.0,0.0,0.0,all
290,0.013592233009708738,,2026-02-28,0.0984251968503937,342,ofac_only,B0_random,515,7,False,0.013534225448537402,0.0,0.0,0.0,0.0,0.0,0.0,b1
,0.0,,2026-02-28,0.352112676056338,342,ofac_only,B0_random,142,0,False,,0.0,0.0,0.0,,,,first_seen
176,0.002702702702702703,,2026-02-28,0.019357336430507164,342,ofac_only,B1_russia_port,2590,7,False,0.013592233009708738,0.0,0.0,0.0,0.0,0.0,0.0,all
176,0.013592233009708738,,2026-02-28,0.0984251968503937,342,ofac_only,B1_russia_port,515,7,False,0.013592233009708738,0.0,0.0,0.0,0.0,0.0,0.0,b1
,0.0,,2026-02-28,0.352112676056338,342,ofac_only,B1_russia_port,142,0,False,,0.0,0.0,0.0,,,,first_seen
174,0.002702702702702703,,2026-02-28,0.018970189701897018,342,ofac_only,B2_weighted,2590,7,False,0.014797417411485853,0.01,0.0,0.02,0.14285714285714285,0.0,0.14285714285714285,all
174,0.013592233009708738,,2026-02-28,0.09645669291338582,342,ofac_only,B2_weighted,515,7,False,0.014940841948114273,0.01,0.0,0.02,0.14285714285714285,0.0,0.14285714285714285,b1
,0.0,,2026-02-28,0.352112676056338,342,ofac_only,B2_weighted,142,0,False,,0.0,0.0,0.0,,,,first_seen
826,0.002702702702702703,,2026-02-28,0.019357336430507164,342,ofac_only,ISO_forest,2590,7,False,0.005144844293919058,0.0,0.0,0.0,0.0,0.0,0.0,all
250,0.013592233009708738,,2026-02-28,0.0984251968503937,342,ofac_only,ISO_forest,515,7,False,0.016596113460834047,0.0,0.0,0.0,0.0,0.0,0.0,b1
,0.0,,2026-02-28,0.352112676056338,342,ofac_only,ISO_forest,142,0,False,,0.0,0.0,0.0,,,,first_seen
318,0.002702702702702703,0.0900014334426359,2026-02-28,0.019357336430507164,342,ofac_only,B3_logistic,2590,7,False,0.010329514139034192,0.0,0.0,0.0,0.0,0.0,0.0,all
269,0.013592233009708738,0.34696663782907716,2026-02-28,0.0984251968503937,342,ofac_only,B3_logistic,515,7,False,0.013266638871183851,0.0,0.0,0.0,0.0,0.0,0.0,b1
,0.0,0.07589427738664341,2026-02-28,0.352112676056338,342,ofac_only,B3_logistic,142,0,False,,0.0,0.0,0.0,,,,first_seen
118,0.002702702702702703,,2026-02-28,0.018970189701897018,342,ofac_only,LGBM,2590,7,False,0.027307225002544677,0.01,0.0,0.02,0.14285714285714285,0.0,0.14285714285714285,all
118,0.013592233009708738,,2026-02-28,0.09645669291338582,342,ofac_only,LGBM,515,7,False,0.027425689751920296,0.01,0.0,0.02,0.14285714285714285,0.0,0.14285714285714285,b1
,0.0,,2026-02-28,0.352112676056338,342,ofac_only,LGBM,142,0,False,,0.0,0.0,0.0,,,,first_seen
948,0.006523407521105142,,2026-03-31,0.019312475859405175,337,union,B0_random,2606,17,False,0.008236874148929034,0.0,0.0,0.0,0.0,0.0,0.0,all
198,0.032818532818532815,,2026-03-31,0.0998003992015968,337,union,B0_random,518,17,False,0.040307394254476374,0.04,0.0,0.0,0.23529411764705882,0.0,0.0,b1
28,0.005988023952095809,,2026-03-31,0.29518072289156627,337,union,B0_random,167,1,False,0.03571428571428571,0.01,0.0,0.02,1.0,0.0,1.0,first_seen
162,0.006523407521105142,,2026-03-31,0.019312475859405175,337,union,B1_russia_port,2606,17,False,0.032818532818532815,0.03,0.0,0.0,0.17647058823529413,0.0,0.0,all
162,0.032818532818532815,,2026-03-31,0.0998003992015968,337,union,B1_russia_port,518,17,False,0.032818532818532815,0.03,0.0,0.0,0.17647058823529413,0.0,0.0,b1
2,0.005988023952095809,,2026-03-31,0.29518072289156627,337,union,B1_russia_port,167,1,False,0.03571428571428571,0.01,0.04,0.02,1.0,1.0,1.0,first_seen
104,0.006523407521105142,,2026-03-31,0.016994978756276556,337,union,B2_weighted,2606,17,False,0.0683898302212597,0.07,0.12,0.12,0.4117647058823529,0.17647058823529413,0.35294117647058826,all
104,0.032818532818532815,,2026-03-31,0.08782435129740519,337,union,B2_weighted,518,17,False,0.0685422382684046,0.07,0.12,0.12,0.4117647058823529,0.17647058823529413,0.35294117647058826,b1
17,0.005988023952095809,,2026-03-31,0.29518072289156627,337,union,B2_weighted,167,1,False,0.03571428571428571,0.01,0.04,0.02,1.0,1.0,1.0,first_seen
345,0.006523407521105142,,2026-03-31,0.01738122827346466,337,union,ISO_forest,2606,17,False,0.061546557389556666,0.07,0.12,0.1,0.4117647058823529,0.17647058823529413,0.29411764705882354,all
108,0.032818532818532815,,2026-03-31,0.08383233532934131,337,union,ISO_forest,518,17,False,0.31720106407183674,0.08,0.28,0.16,0.47058823529411764,0.4117647058823529,0.47058823529411764,b1
27,0.005988023952095809,,2026-03-31,0.29518072289156627,337,union,ISO_forest,167,1,False,0.037037037037037035,0.01,0.0,0.02,1.0,0.0,1.0,first_seen
138,0.006523407521105142,0.11973664594140383,2026-03-31,0.01738122827346466,337,union,B3_logistic,2606,17,False,0.0973733962813286,0.07,0.16,0.1,0.4117647058823529,0.23529411764705882,0.29411764705882354,all
120,0.032818532818532815,0.4604717964895742,2026-03-31,0.08982035928143713,337,union,B3_logistic,518,17,False,0.1040303401244433,0.08,0.16,0.1,0.47058823529411764,0.23529411764705882,0.29411764705882354,b1
14,0.005988023952095809,0.10771296692763224,2026-03-31,0.29518072289156627,337,union,B3_logistic,167,1,False,0.07142857142857142,0.01,0.04,0.02,1.0,1.0,1.0,first_seen
71,0.006523407521105142,,2026-03-31,0.01660872923908845,337,union,LGBM,2606,17,False,0.14041248995405353,0.1,0.08,0.14,0.5882352941176471,0.11764705882352941,0.4117647058823529,all
71,0.032818532818532815,,2026-03-31,0.08582834331337326,337,union,LGBM,518,17,False,0.14055072096572022,0.1,0.08,0.14,0.5882352941176471,0.11764705882352941,0.4117647058823529,b1
6,0.005988023952095809,,2026-03-31,0.29518072289156627,337,union,LGBM,167,1,False,0.16666666666666666,0.01,0.04,0.02,1.0,1.0,1.0,first_seen
1070,0.002686108979278588,,2026-03-31,0.019238168526356292,337,ofac_only,B0_random,2606,7,False,0.0033395741289238114,0.0,0.0,0.0,0.0,0.0,0.0,all
218,0.013513513513513514,,2026-03-31,0.09784735812133072,337,ofac_only,B0_random,518,7,False,0.016486043079409242,0.01,0.0,0.0,0.14285714285714285,0.0,0.0,b1
,0.0,,2026-03-31,0.2994011976047904,337,ofac_only,B0_random,167,0,False,,0.0,0.0,0.0,,,,first_seen
184,0.002686108979278588,,2026-03-31,0.019238168526356292,337,ofac_only,B1_russia_port,2606,7,False,0.013513513513513514,0.0,0.0,0.0,0.0,0.0,0.0,all
184,0.013513513513513514,,2026-03-31,0.09784735812133072,337,ofac_only,B1_russia_port,518,7,False,0.013513513513513514,0.0,0.0,0.0,0.0,0.0,0.0,b1
,0.0,,2026-03-31,0.2994011976047904,337,ofac_only,B1_russia_port,167,0,False,,0.0,0.0,0.0,,,,first_seen
138,0.002686108979278588,,2026-03-31,0.018853405155829166,337,ofac_only,B2_weighted,2606,7,False,0.01625711789051172,0.01,0.0,0.02,0.14285714285714285,0.0,0.14285714285714285,all
138,0.013513513513513514,,2026-03-31,0.0958904109589041,337,ofac_only,B2_weighted,518,7,False,0.01635872325527498,0.01,0.0,0.02,0.14285714285714285,0.0,0.14285714285714285,b1
,0.0,,2026-03-31,0.2994011976047904,337,ofac_only,B2_weighted,167,0,False,,0.0,0.0,0.0,,,,first_seen
1248,0.002686108979278588,,2026-03-31,0.019238168526356292,337,ofac_only,ISO_forest,2606,7,False,0.006448314735467821,0.01,0.0,0.0,0.14285714285714285,0.0,0.0,all
363,0.013513513513513514,,2026-03-31,0.0958904109589041,337,ofac_only,ISO_forest,518,7,False,0.022180574991280396,0.01,0.04,0.02,0.14285714285714285,0.14285714285714285,0.14285714285714285,b1
,0.0,,2026-03-31,0.2994011976047904,337,ofac_only,ISO_forest,167,0,False,,0.0,0.0,0.0,,,,first_seen
346,0.002686108979278588,0.09982011083496826,2026-03-31,0.019238168526356292,337,ofac_only,B3_logistic,2606,7,False,0.010547210996687505,0.0,0.0,0.0,0.0,0.0,0.0,all
287,0.013513513513513514,0.3793094352361579,2026-03-31,0.09784735812133072,337,ofac_only,B3_logistic,518,7,False,0.013011030776021764,0.0,0.0,0.0,0.0,0.0,0.0,b1
,0.0,0.10426002790700419,2026-03-31,0.2994011976047904,337,ofac_only,B3_logistic,167,0,False,,0.0,0.0,0.0,,,,first_seen
86,0.002686108979278588,,2026-03-31,0.018853405155829166,337,ofac_only,LGBM,2606,7,False,0.035168061782540706,0.04,0.0,0.02,0.5714285714285714,0.0,0.14285714285714285,all
86,0.013513513513513514,,2026-03-31,0.0958904109589041,337,ofac_only,LGBM,518,7,False,0.03544374769306112,0.04,0.0,0.02,0.5714285714285714,0.0,0.14285714285714285,b1
,0.0,,2026-03-31,0.2994011976047904,337,ofac_only,LGBM,167,0,False,,0.0,0.0,0.0,,,,first_seen
